よく使うもの	一般	女性	female
場所	車道	犬（散歩中のペット）- dog (walking pet)	
場所	車道	ベビーカー	stroller
場所	歩道	クレーンゲーム機	claw machine
場所	歩道	路上のカフェ	street cafe
場所	家（室外）	家具（屋外）- outdoor furniture	
場所	家（室外）	ブリーズウェイ	breezeway
場所	学校（室外）	敷石	paving stones
場所	学校（室内）	コンピューター室	computer room
場所	学校（室内）	カトラリー	cutlery
場所	学校（室内）	休憩スペース	lounge area
場所	学校（グラウンド）	野球ベース	baseball base
場所	学校（グラウンド）	バックネット	backstop
場所	学校（グラウンド）	鉄棒	horizontal bar
場所	学校（グラウンド）	雲梯	monkey bars
場所	学校（グラウンド）	ジャングルジム	jungle gym
場所	学校（グラウンド）	滑り台	slide
場所	学校（グラウンド）	ブランコ	swing
場所	学校（グラウンド）	マット収納庫	mat storage
場所	学校（グラウンド）	体育倉庫	sports equipment shed
場所	学校（グラウンド）	スコアボード	scoreboard
場所	学校（グラウンド）	ラインマーカー	line marker
場所	学校（グラウンド）	コーン	cone
場所	学校（グラウンド）	ハードル	hurdle
場所	学校（グラウンド）	跳び箱	vaulting box
場所	学校（グラウンド）	縄跳び	jump rope
場所	学校（グラウンド）	水飲み場	drinking fountain
場所	学校（グラウンド）	手洗い場	handwashing station
場所	学校（グラウンド）	照明灯	lighting pole
場所	学校（グラウンド）	防球ネット	protective net
場所	学校（グラウンド）	応援席	bleachers
場所	体育館	バレーボールネット	volleyball net
場所	体育館	バドミントンネット	badminton net
場所	体育館	卓球台	table tennis table
場所	体育館	ステージ	stage
場所	体育館	観客席	bleachers
場所	体育館	スコアボード	scoreboard
場所	体育館	タイマー	timer
場所	体育館	ホイッスル	whistle
場所	体育館	ストップウォッチ	stopwatch
場所	体育館	跳び箱	vaulting box
場所	体育館	マット	mat
場所	体育館	平均台	balance beam
場所	体育館	鉄棒	horizontal bar
場所	体育館	体操リング	gymnastics rings
場所	体育館	ハードル	hurdle
場所	体育館	ボールカゴ	ball cart
場所	体育館	収納棚	storage shelf
場所	体育館	体育倉庫	sports equipment shed
場所	体育館	換気扇	ventilation fan
場所	体育館	防球ネット	protective net
場所	体育館	ラインマーカー	line marker
場所	体育館	モップ	mop
場所	体育館	バケツ	bucket
場所	体育館	水飲み場	drinking fountain
場所	体育館	手洗い場	handwashing station
場所	図書室	図書カード	library card
場所	図書室	貸出カウンター	checkout counter
場所	図書室	返却ボックス	book return box
場所	図書室	貸出記録簿	loan record book
場所	図書室	デスク	desk
場所	図書室	辞書	dictionary
場所	図書室	事典	encyclopedia
場所	図書室	新聞	newspaper
場所	図書室	雑誌	magazine
場所	図書室	貸出袋	book bag
場所	図書室	しおり	bookmark
場所	図書室	本立て	book stand
場所	図書室	図書目録	catalog
場所	図書室	プリンター	printer
場所	図書室	コピー機	copy machine
場所	図書室	検索端末	search terminal
場所	図書室	ブックエンド	bookend
場所	図書室	書庫	book storage
場所	図書室	貸出カート	book cart
場所	図書室	ブックカバー	book cover
場所	図書室	本の修理道具	book repair kit
場所	図書室	静かにの看板	quiet sign
場所	図書室	空調設備	air conditioning
場所	体育館の倉庫	ボール	ball
場所	体育館の倉庫	バスケットボール	basketball
場所	体育館の倉庫	ラケット	racket
場所	体育館の倉庫	バドミントンラケット	badminton racket
場所	体育館の倉庫	卓球ラケット	table tennis racket
場所	体育館の倉庫	ネット	net
場所	体育館の倉庫	ゴール	goal
場所	体育館の倉庫	コーン	cone
場所	体育館の倉庫	ホイッスル	whistle
場所	体育館の倉庫	ストップウォッチ	stopwatch
場所	体育館の倉庫	縄跳び	jump rope
場所	体育館の倉庫	マット	mat
場所	体育館の倉庫	平均台	balance beam
場所	体育館の倉庫	鉄棒	horizontal bar
場所	体育館の倉庫	ハードル	hurdle
場所	体育館の倉庫	体操リング	gymnastics rings
場所	体育館の倉庫	メディシンボール	medicine ball
場所	体育館の倉庫	ダンベル	dumbbell
場所	体育館の倉庫	レスリングマット	wrestling mat
場所	体育館の倉庫	防具	protective gear
場所	体育館の倉庫	プロテクター	protector
場所	体育館の倉庫	トレーニングベンチ	training bench
場所	体育館の倉庫	収納棚	storage shelf
場所	体育館の倉庫	ボールカゴ	ball cart
場所	体育館の倉庫	モップ	mop
場所	体育館の倉庫	バケツ	bucket
場所	更衣室	鍵	key
場所	更衣室	ハンガー	hanger
場所	更衣室	フック	hook
場所	更衣室	靴箱	shoe rack
場所	更衣室	スリッパ	slippers
場所	更衣室	ペーパータオル	paper towel
場所	更衣室	ドライヤー	hair dryer
場所	更衣室	蛇口	faucet
場所	更衣室	消毒液	sanitizer
場所	更衣室	ティッシュ	tissue
場所	更衣室	洗濯かご	laundry basket
場所	更衣室	シャワーの雨	shower,rain
場所	更衣室	シャワーカーテン	shower curtain
場所	更衣室	排水口	drain
場所	更衣室	換気扇	ventilation fan
場所	更衣室	体重計	weighing scale
場所	更衣室	脱衣カゴ	clothes basket
場所	更衣室	着替え替え台	changing table
場所	シャワールーム	シャワーヘッド	showerhead
場所	シャワールーム	シャワーカーテン	shower curtain
場所	シャワールーム	シャワーブース	shower booth
場所	シャワールーム	水栓ハンドル	faucet handle
場所	シャワールーム	温度調節レバー	temperature control lever
場所	シャワールーム	排水口	drain
場所	シャワールーム	防水タイル	waterproof tiles
場所	シャワールーム	滑り止めマット	anti-slip mat
場所	シャワールーム	ボディソープ	body soap
場所	シャワールーム	シャンプー	shampoo
場所	シャワールーム	リンス	conditioner
場所	シャワールーム	石鹸	soap
場所	シャワールーム	スポンジ	sponge
場所	シャワールーム	ボディタオル	body towel
場所	シャワールーム	タオル掛け	towel rack
場所	シャワールーム	フック	hook
場所	シャワールーム	換気扇	ventilation fan
場所	シャワールーム	脱衣カゴ	laundry basket
場所	シャワールーム	着替え棚	changing shelf
場所	シャワールーム	ドライヤー	hair dryer
場所	シャワールーム	防水時計	waterproof clock
場所	シャワールーム	蛇口	faucet
場所	シャワールーム	ペーパータオル	paper towel
場所	シャワールーム	消毒スプレー	sanitizing spray
場所	商店街	古いポスター	old posters
場所	商店街	ぼろぼろの看板	tattered signs
場所	商店街	裏口	back doors
場所	商店街	狭い通路	narrow passages
場所	商店街	隠れ家のような店	hidden shops
場所	商店街	かすれた壁画	faded murals
場所	商店街	転がる空き缶	rolling cans
場所	商店街	錆びた自転車	rusted bicycles
場所	商店街	漏れる水道管	leaking pipes
場所	商店街	古い照明	old lighting
場所	商店街	不法投棄された家具	illegally dumped furniture
場所	商店街	くすんだ窓	dim windows
場所	商店街	閉じられたシャッター	closed shutters
場所	商店街	壊れた瓦礫	broken rubble
場所	商店街	雑草	weeds
場所	商店街	蒸気排出口	steam vents
場所	商店街	ひび割れた舗道	cracked pavements
場所	商店街	忘れ去られた玩具	forgotten toys
場所	商店街	足跡	footprints
場所	商店街	隠れたアート	hidden art
場所	商店街	暗がり	shadows
場所	商店街	密輸の入口	smuggling entrances
場所	商店街	雨水排水溝	storm drains
場所	商店街	蜘蛛の巣	spider webs
場所	商店街	落書きされた電話ボックス	graffitied phone booths
場所	商店街	乾燥した葉	dried leaves
場所	商店街	古い新聞紙	old newspapers
場所	商店街	煙突	chimneys
場所	商店街	錆びた鉄格子	rusted iron grates
場所	商店街	裏口の階段	backdoor stairs
場所	商店街	破れたポスター	torn posters
場所	商店街	車のタイヤ	car tires
場所	商店街	壁に掛けられた古い看板	old signs hung on walls
場所	商店街	路地裏で遊ぶ子供たち	children playing in the alley
場所	商店街	野良犬	stray dogs
場所	商店街	閉ざされたガレージ	closed garages
場所	商店街	倒れたゴミ箱	overturned trash bins
場所	商店街	薄暗い灯り	dim lighting
場所	商店街	閉じられた窓	closed windows
場所	商店街	ひび割れた壁	cracked walls
場所	商店街	漏れる水道管	leaking water pipes
場所	商店街	煙を吐く換気扇	venting smoke
場所	商店街	古い木箱	old wooden crates
場所	商店街	隠れ家の入り口	hideout entrances
場所	商店街	雨の水たまり	puddles of rain
場所	商店街	壊れた看板	broken signs
場所	商店街	食べ残し	leftover food
場所	商店街	のぼり旗	banner flag
場所	商店街	灰皿	ashtray
場所	商店街	植木鉢	potted plant
場所	商店街	公衆電話	public phone
場所	商店街	時計塔	clock tower
場所	商店街	駐輪場	bicycle rack
場所	商店街	車止め	bollard
場所	商店街	点字ブロック	tactile paving
場所	商店街	休憩スペース	rest area
場所	商店街	売店	kiosk
場所	街中	路面電車	trams
場所	街中	地下鉄の入り口	subway entrances
場所	街中	屋上庭園	rooftop gardens
場所	街中	ペットを散歩させる人	people walking dogs
場所	街中	ファストフード店	fast food restaurants
場所	街中	街角の喫茶店	corner coffee shops
場所	街中	ナイトクラブ	nightclubs
場所	街中	バー	bars
場所	街中	電光掲示板	electronic billboards
場所	空港	大きな荷物カート	large luggage carts
場所	空港	パイロットと客室乗務員	pilots and flight attendants
場所	空港	搭乗通路	jet bridges
場所	空港	飛行機の尾翼	airplane tails
場所	空港	エアラインのロゴ	airline logos
場所	空港	手荷物検査機	baggage scanners
場所	空港	空港コンコース	airport concourses
場所	バスターミナル	到着・出発案内板	arrival/departure boards
場所	バスターミナル	チケット売り場	ticket counters
場所	バスターミナル	多言語案内所	multilingual information desks
場所	バスターミナル	長距離バス	long-distance buses
場所	バスターミナル	市内バス	city buses
場所	バスターミナル	電光掲示板	electronic display boards
場所	バスターミナル	荷物預かり所	luggage storage facilities
場所	バスターミナル	休憩エリア	rest areas
場所	バスターミナル	喫煙所	smoking areas
場所	バスターミナル	カフェ・飲食店	cafes and eateries
場所	バスターミナル	お土産店	souvenir shops
場所	バスターミナル	無料Wi-Fiゾーン	free Wi-Fi zones
場所	バスターミナル	清潔なトイレ	clean restrooms
場所	バスターミナル	車椅子アクセス可能な施設	wheelchair-accessible facilities
場所	バスターミナル	バス乗り場	bus platforms
場所	バスターミナル	安全な歩行者通路	safe pedestrian walkways
場所	バスターミナル	ベビーケアルーム	baby care rooms
場所	バスターミナル	公衆電話	public telephones
場所	バスターミナル	緑豊かな公園エリア	lush green park areas
場所	バスターミナル	バス運転手	bus drivers
場所	バスターミナル	遺失物センター	lost and found centers
場所	バスターミナル	緊急用電話	emergency phones
場所	バスターミナル	警備員	security guards
場所	会社	オフィスデスク	office desks
場所	会社	オフィスチェア	office chairs
場所	会社	モニター	monitors
場所	会社	キーボード	keyboards
場所	会社	マウス	mice
場所	会社	書類	documents
場所	会社	会議室	meeting rooms
場所	会社	ホワイトボード	whiteboards
場所	会社	ウォータークーラー	water coolers
場所	会社	スナック	snacks
場所	会社	快適なソファ	comfortable sofas
場所	会社	アートワーク	artwork
場所	会社	受付デスク	reception desks
場所	会社	従業員の名札	employee name tags
場所	会社	社内掲示板	company bulletin boards
場所	会社	セキュリティカメラ	security cameras
場所	会社	入館証	access badges
場所	会社	照明器具	lighting fixtures
場所	会社	ガラスの間仕切り	glass partitions
場所	会社	音声会議装置	audio conferencing equipment
場所	会社	ビデオ会議装置	video conferencing equipment
場所	会社	多目的プリンター	multifunction printers
場所	会社	ファイリングキャビネット	filing cabinets
場所	会社	オープンスペース	open spaces
場所	会社	プライベートオフィス	private offices
場所	会社	フレキシブルワークスペース	flexible workspaces
場所	会社	快適な作業環境	comfortable working environment
場所	会社	効率的なレイアウト	efficient layout
場所	会社	イノベーティブなデザイン	innovative designs
場所	会社	快適な照明	comfortable lighting
場所	会社	エルゴノミックなオフィス家具	ergonomic office furniture
場所	会社	社員の写真	employee photos
場所	会社	チームビルディングのポスター	team-building posters
場所	会社	企業のロゴ	company logos
場所	会社	安全指示	safety instructions
場所	会社	ネットワーク機器	networking equipment
場所	会社	ソフトウェアライセンス	software licenses
場所	会社	ストレス解消グッズ	stress relief gadgets
場所	会社	創造性を刺激するアイテム	creativity stimulating items
場所	会社	通路	aisles
場所	ハッカーの部屋	複数のモニター	multiple monitors
場所	ハッカーの部屋	高性能なコンピューター	high-performance computer
場所	ハッカーの部屋	キーボード	keyboard
場所	ハッカーの部屋	マウス	mouse
場所	ハッカーの部屋	セキュリティソフトウェア	security software
場所	ハッカーの部屋	暗号化ツール	encryption tools
場所	ハッカーの部屋	ネットワークスキャナー	network scanners
場所	ハッカーの部屋	ハッキングツール集	hacking toolkits
場所	ハッカーの部屋	仮想プライベートネットワーク（VPN）	virtual private network (vpn)
場所	ハッカーの部屋	サーバー	server
場所	ハッカーの部屋	書籍（プログラミング、セキュリティ関連）	books (programming, security)
場所	ハッカーの部屋	ノートとペン	notebooks and pens
場所	ハッカーの部屋	高度なルーター	advanced router
場所	ハッカーの部屋	外付けハードドライブ	external hard drives
場所	ハッカーの部屋	プライバシースクリーン	privacy screens
場所	ハッカーの部屋	無線LANアダプター	wi-fi adapters
場所	ハッカーの部屋	カスタマイズされたLinuxディストリビューション	customized linux distributions
場所	ハッカーの部屋	大量のケーブル	numerous cables
場所	ハッカーの部屋	ダークな照明	dim lighting
場所	ハッカーの部屋	快適な椅子	comfortable chair
場所	ハッカーの部屋	ポスター（映画、テクノロジー関連）	posters (movies, tech)
場所	ハッカーの部屋	飲料とスナック	beverages and snacks
場所	ハッカーの部屋	防音材料	soundproofing materials
場所	ハッカーの部屋	プライバシーを守るカーテン	privacy curtains
場所	ハッカーの部屋	バーチャルリアリティヘッドセット	virtual reality headset
場所	ハッカーの部屋	ロボットキット	robot kits
場所	ハッカーの部屋	ゲームコンソール	gaming consoles
場所	ハッカーの部屋	テクニカルマニュアル	technical manuals
場所	工場	大規模な製造ライン	large-scale manufacturing lines
場所	工場	自動化されたアセンブリライン	automated assembly lines
場所	工場	重機械	heavy machinery
場所	工場	検査装置	inspection equipment
場所	工場	高性能なコンベヤベルト	high-performance conveyor belts
場所	工場	品質管理室	quality control rooms
場所	工場	作業員用ロッカー	workers' lockers
場所	工場	安全装備（ヘルメット、安全靴など）	safety gear (helmets, safety shoes, etc.)
場所	工場	大型の換気扇	large ventilation fans
場所	工場	防音材料	soundproofing materials
場所	工場	事務所エリア	office areas
場所	工場	会議室	meeting rooms
場所	工場	社員食堂	employee cafeteria
場所	工場	救急キット	first aid kits
場所	工場	安全標識	safety signs
場所	工場	荷物用エレベーター	freight elevators
場所	工場	排水処理設備	wastewater treatment facilities
場所	工場	冷却システム	cooling systems
場所	工場	電力供給設備	power supply equipment
場所	工場	セキュリティカメラ	security cameras
場所	工場	入退場管理システム	access control systems
場所	工場	無線LANアクセスポイント	wi-fi access points
場所	工場	錆びた機械	rusted machines
場所	工場	動かないコンベアベルト	idle conveyor belts
場所	工場	壊れた窓ガラス	broken windows
場所	工場	薄暗い照明	dim lighting
場所	工場	放置された工具	abandoned tools
場所	工場	壁にはがれたペンキ	peeling paint on walls
場所	工場	荒れた床	rugged floors
場所	工場	漏れるパイプ	leaking pipes
場所	工場	蜘蛛の巣がかかった角	cobwebbed corners
場所	工場	閉鎖されたセクション	closed-off sections
場所	工場	不気味な音を立てる換気扇	eerie-sounding ventilation fans
場所	工場	古い安全標識	old safety signs
場所	工場	壊れたロボットアーム	broken robotic arms
場所	工場	薄汚れた作業服	grimy work uniforms
場所	工場	使われなくなった重機	disused heavy machinery
場所	工場	閉ざされた出入り口	sealed entrances
場所	工場	重苦しい空気	oppressive atmosphere
場所	工場	不気味な影	sinister shadows
場所	工場	謎の液体のたまり	mysterious puddles of liquid
場所	工場	無人の警備室	unmanned security booths
場所	工場	さびついた金網	rusted wire mesh
場所	工場	破損した電子機器	damaged electronic equipment
場所	工場	音もなく点滅する警告灯	silently flashing warning lights
場所	工場	奇妙な落書き	strange graffiti
場所	工場	不穏な静けさ	unsettling silence
場所	工場	保護服を着た作業員	workers in protective suits
場所	工場	高度な安全システム	advanced safety systems
場所	工場	厳重なセキュリティチェックエリア	strict security check areas
場所	工場	危険物質の警告標識	hazardous material warning signs
場所	工場	密閉された製造エリア	sealed production areas
場所	工場	大型の化学反応釜	large chemical reactors
場所	工場	特別な排気システム	specialized exhaust systems
場所	工場	化学物質の貯蔵タンク	chemical storage tanks
場所	工場	高性能のフィルターシステム	high-performance filtration systems
場所	工場	緊急シャワーと洗眼設備	emergency showers and eyewash stations
場所	工場	エアロックシステム	airlock systems
場所	工場	閉鎖回路監視カメラ	closed-circuit surveillance cameras
場所	工場	実験室	laboratories
場所	工場	危険な化学薬品の取り扱いを示す標識	signs indicating dangerous chemical handling
場所	工場	自動化されたモニタリングシステム	automated monitoring systems
場所	工場	防爆設備	explosion-proof equipment
場所	工場	化学廃棄物の処理エリア	chemical waste disposal areas
場所	工場	高度な通信設備	advanced communication equipment
場所	工場	防護壁	protective barriers
場所	工場	非常用脱出ルート	emergency escape routes
場所	刑務所	監視塔	watchtowers
場所	刑務所	高い塀	high fences
場所	刑務所	有刺鉄線	barbed wire
場所	刑務所	監視カメラ	surveillance cameras
場所	刑務所	独房	solitary confinement cells
場所	刑務所	囚人の制服	prisoner uniforms
場所	刑務所	訪問室	visitation rooms
場所	刑務所	監視室	guardrooms
場所	刑務所	警備員	security guards
場所	刑務所	囚人の作業場	prisoner work areas
場所	刑務所	セキュリティゲート	security gates
場所	刑務所	防犯ブザー	alarm systems
場所	刑務所	禁煙標識	no smoking signs
場所	刑務所	重い鉄の扉	heavy iron doors
場所	刑務所	監視用モニター	monitoring screens
場所	刑務所	防音された壁	soundproofed walls
場所	刑務所	通信制限区域	communication restricted areas
場所	刑務所	緊急避難路	emergency escape routes
場所	刑務所	教会または礼拝所	chapel or prayer room
場所	ゲリラの拠点	隠された入口	hidden entrances
場所	ゲリラの拠点	罠	booby traps
場所	ゲリラの拠点	通信機器	communication equipment
場所	ゲリラの拠点	暗号化された文書	encrypted documents
場所	ゲリラの拠点	地図と戦略計画	maps and strategic plans
場所	ゲリラの拠点	迷彩シェルター	camouflaged shelters
場所	ゲリラの拠点	簡易ベッド	makeshift beds
場所	ゲリラの拠点	武器と弾薬	weapons and ammunition
場所	ゲリラの拠点	自家製爆発物	homemade explosives
場所	ゲリラの拠点	双眼鏡	binoculars
場所	ゲリラの拠点	食料供給	food supplies
場所	ゲリラの拠点	医療キット	medical kits
場所	ゲリラの拠点	偵察用ドローン	reconnaissance drones
場所	ゲリラの拠点	士気を高める旗やシンボル	morale-boosting flags or symbols
場所	ゲリラの拠点	携帯用発電機	portable generators
場所	ゲリラの拠点	迷彩服	camouflage uniforms
場所	ゲリラの拠点	浄水デバイス	water purification devices
場所	ゲリラの拠点	暗号化通信機器	encrypted communication devices
場所	ゲリラの拠点	夜間視力装備	night-vision gear
場所	ゲリラの拠点	防御用の塹壕や壁	defensive trenches or walls
場所	海	青い海	blue sea
場所	海	波	waves
場所	海	潮の流れ	tide
場所	海	砂浜	sandy beach
場所	海	岩	rocks
場所	海	船	boat
場所	海	ヨット	yacht
場所	海	漁船	fishing boat
場所	海	サーファー	surfer
場所	海	サーフボード	surfboard
場所	海	海岸線	coastline
場所	海	磯の生物	intertidal organisms
場所	海	海の家	beach house
場所	海	潮風	sea breeze
場所	海	波の音	sound of waves
場所	海	シュノーケリング	snorkeling
場所	海	深海の青	deep sea blue
場所	海	サンゴ礁	coral reef
場所	海	漂う木片	driftwood
場所	海	キラキラ輝く水面	sparkling water surface
場所	海	海岸線に打ち寄せる波	waves crashing on the shore
場所	海	パラセーリング	parasailing
場所	海	カヤック	kayak
場所	海	ビーチバレー	beach volleyball
場所	海	海水浴	sea bathing
場所	海	砂の城	sandcastle
場所	海	海辺の散歩	beachside walk
場所	海	漁村	fishing village
場所	海	海賊船	pirate ship
場所	海	海中の魚	fish underwater
場所	海	マリンスポーツ	marine sports
場所	海	浜辺の貝殻	seashells on the beach
場所	遊園地	高いジェットコースター	tall roller coaster
場所	遊園地	回転するメリーゴーランド	spinning merry-go-round
場所	遊園地	輝く観覧車	sparkling ferris wheel
場所	遊園地	カラフルな乗り物	colorful rides
場所	遊園地	子供向けのアトラクション	children's attractions
場所	遊園地	ポップコーンの屋台	popcorn stand
場所	遊園地	綿あめ	cotton candy
場所	遊園地	ゲームセンター	game center
場所	遊園地	景品をもらえる射的	prize shooting
場所	遊園地	ハンバーガーの屋台	hamburger stand
場所	遊園地	スリル満点のホラーハウス	thrilling haunted house
場所	遊園地	音楽を奏でる噴水	musical fountain
場所	遊園地	テーマパークのキャラクター	theme park characters
場所	遊園地	賑やかな通り	lively street
場所	遊園地	手を振る人々	waving people
場所	遊園地	写真を撮る観光客	photographing tourists
場所	遊園地	フェイスペインティング	face painting
場所	遊園地	バルーンアート	balloon art
場所	遊園地	パレード	parade
場所	遊園地	ライブステージ	live stage
場所	遊園地	休憩所	rest area
場所	遊園地	情報センター	information center
場所	遊園地	入り口のアーチ	entrance arch
場所	遊園地	園内を走る電車	train running through the park
場所	遊園地	お土産屋	souvenir shop
場所	遊園地	水をかけるアトラクション	water splash ride
場所	遊園地	巨大な滑り台	giant slide
場所	水族館	大きな水槽	large aquarium
場所	水族館	カラフルな熱帯魚	colorful tropical fish
場所	水族館	サンゴ礁	coral reef
場所	水族館	深海魚	deep-sea fish
場所	水族館	ジンベエザメ	whale shark
場所	水族館	ペンギン	penguins
場所	水族館	イルカショー	dolphin show
場所	水族館	タッチプール	touch pool
場所	水族館	海の生き物の模型	sea creature models
場所	水族館	水中トンネル	underwater tunnel
場所	水族館	マンタの群れ	school of manta rays
場所	水族館	シーライオン	sea lions
場所	水族館	クラゲの展示	jellyfish exhibit
場所	水族館	マリンアート	marine art
場所	水族館	インフォメーションセンター	information center
場所	水族館	ギフトショップ	gift shop
場所	水族館	子供用の遊び場	children's play area
場所	水族館	写真撮影スポット	photo spot
場所	水族館	レストエリア	rest area
場所	水族館	教育プログラム	educational programs
場所	水族館	海洋生物の解説	marine life explanations
場所	水族館	インタラクティブ展示	interactive exhibits
場所	水族館	夜の水族館イベント	nighttime aquarium events
場所	地獄	燃える炎	burning flames
場所	地獄	溶岩の海	sea of lava
場所	地獄	魂の叫び	screams of souls
場所	地獄	煉獄の門	gates of purgatory
場所	地獄	無限の深淵	infinite abyss
場所	地獄	虚無	void
場所	地獄	鎖に繋がれた魂	chained souls
場所	地獄	魔王の玉座	throne of the devil
場所	地獄	氷の地獄	ice hell
場所	地獄	霧に覆われた地獄	fog-covered hell
場所	地獄	灼熱の砂漠	scorching desert
場所	地獄	毒の沼	poison swamp
場所	地獄	黒煙	black smoke
場所	地獄	血の川	river of blood
場所	地獄	腐敗した風景	decaying landscape
場所	地獄	悲しみの壁	walls of sorrow
場所	地獄	呪われた森	cursed forest
場所	地獄	永遠の暗闇	eternal darkness
場所	地獄	叫び声と嘆きの音	sounds of screams and lamentation
場所	地獄	逃げ場のない迷宮	inescapable labyrinth
場所	地獄	強制労働の場	forced labor camps
場所	地獄	運命の書	book of fate
場所	地獄	恐怖の塔	tower of terror
場所	地獄	砕けた希望	shattered hope
場所	地獄	罰の剣	sword of punishment
場所	地獄	罪人の重荷	sinner's burden
場所	地獄	失われた魂の海	sea of lost souls
場所	地獄	死と絶望の風	winds of death and despair
場所	天国	光り輝く門	shining gates
場所	天国	透明な川	crystal-clear river
場所	天国	金色の道	golden paths
場所	天国	輝く光の柱	pillars of light
場所	天国	美しい庭園	beautiful gardens
場所	天国	色とりどりの花	colorful flowers
場所	天国	天使の合唱	angelic choirs
場所	天国	穏やかな音楽	serene music
場所	天国	永遠の光	eternal light
場所	天国	平和の象徴	symbols of peace
場所	天国	慈悲深い眼差しの像	statues with compassionate gazes
場所	天国	宝石で飾られた橋	jewel-encrusted bridges
場所	天国	無垢な白い鳥	pure white birds
場所	天国	柔らかい雲	soft clouds
場所	天国	青々とした草原	lush meadows
場所	天国	温かい光の風	warm breezes of light
場所	天国	悟りの木	trees of enlightenment
場所	天国	満ち足りた魂	fulfilled souls
場所	天国	無限の幸福	infinite bliss
場所	天国	愛の泉	fountains of love
場所	天国	音楽の流れる小川	streams of melody
場所	天国	美しい香りの空気	air filled with beautiful scents
場所	天国	天の川	celestial rivers
場所	天国	星々の橋	bridges of stars
場所	天国	心の平和	peace of mind
場所	古い因習のある村	伝統的な家屋	traditional houses
場所	古い因習のある村	手作りの看板	handmade signs
場所	古い因習のある村	古風な衣装を着た村人	villagers in old-fashioned clothing
場所	古い因習のある村	祭りの準備	festival preparations
場所	古い因習のある村	手織りの旗	handwoven flags
場所	古い因習のある村	木製の彫刻	wooden carvings
場所	古い因習のある村	伝統的な農具	traditional farming tools
場所	古い因習のある村	自然素材の家具	natural material furniture
場所	古い因習のある村	古い井戸	old wells
場所	古い因習のある村	手書きの地図	handwritten maps
場所	古い因習のある村	伝統的な音楽器具	traditional musical instruments
場所	古い因習のある村	地元の伝説を語る老人	elderly narrating local legends
場所	古い因習のある村	手作業の陶器	handmade pottery
場所	古い因習のある村	伝統的な食事をする人々	people eating traditional meals
場所	古い因習のある村	古い風習を守る儀式	ceremonies preserving old customs
場所	古い因習のある村	自然に囲まれた集落	settlement surrounded by nature
場所	古い因習のある村	手綱でつながれた家畜	livestock tethered with ropes
場所	古い因習のある村	伝統的な装飾が施された祭壇	altars with traditional decorations
場所	貧民エリア	狭い通路	narrow alleys
場所	貧民エリア	不衛生な環境	unsanitary conditions
場所	貧民エリア	乱雑に積み重ねられた住居	haphazardly stacked dwellings
場所	貧民エリア	使い古された布	worn-out clothes
場所	貧民エリア	仮設の水道	makeshift water supply
場所	貧民エリア	手作りの屋台	homemade street stalls
場所	貧民エリア	がれき	rubble
場所	貧民エリア	補修された住居	patched-up homes
場所	貧民エリア	野外での料理	outdoor cooking
場所	貧民エリア	地面に捨てられたゴミ	litter on the ground
場所	貧民エリア	行き場のない子供たち	children with nowhere to go
場所	貧民エリア	手仕事で作られた玩具	handmade toys
場所	貧民エリア	集まって話す人々	people gathering to talk
場所	貧民エリア	薄暗い照明	dim lighting
場所	貧民エリア	使い古された家具	used furniture
場所	貧民エリア	限られた公共施設	limited public facilities
場所	貧民エリア	壊れた道具	broken tools
場所	貧民エリア	自給自足の小さな畑	small subsistence gardens
場所	貧民エリア	手作りの修理工具	handmade repair tools
場所	貧民エリア	簡易的なシェルター	makeshift shelters
場所	貧民エリア	自家製の露店	homemade street stalls
場所	貧民エリア	瓦礫	rubble
場所	貧民エリア	補修された家	patched-up homes
場所	貧民エリア	屋外での料理	outdoor cooking
場所	貧民エリア	地面に散乱するゴミ	litter on the ground
場所	貧民エリア	行き場のない子供たち	children with nowhere to go
場所	貧民エリア	手作りのおもちゃ	handmade toys
場所	貧民エリア	話をするために集まる人々	people gathering to talk
場所	貧民エリア	薄暗い照明	dim lighting
場所	貧民エリア	使用済みの家具	used furniture
場所	貧民エリア	限られた公共施設	limited public facilities
場所	貧民エリア	壊れた道具	broken tools
場所	貧民エリア	小さな自給自足の庭	small subsistence gardens
場所	貧民エリア	手作りの修理道具	handmade repair tools
場所	貧民エリア	使い古された靴	used shoes
場所	貧民エリア	手織りの衣類	handwoven clothes
場所	貧民エリア	一時的に組み立てられた遊び場	makeshift playgrounds
場所	貧民エリア	集まりの場所	communal gathering spots
場所	貧民エリア	薄汚れた壁	grimy walls
場所	貧民エリア	自給自足の農地	self-sustaining farms
場所	貧民エリア	廃材で作られた家具	furniture made from scrap materials
場所	貧民エリア	簡易トイレ	makeshift latrines
場所	貧民エリア	生活用水を運ぶための容器	containers for carrying living water
場所	貧民エリア	手作りの道具	handmade tools
場所	貧民エリア	親しみやすい地域のペット	familiar neighborhood pets
場所	貧民エリア	コミュニティを支える地元のリーダー	local leaders supporting the community
場所	貧民エリア	独自の伝統と文化を持つコミュニティ	communities with unique traditions and cultures
場所	戦場	戦車	tanks
場所	戦場	弾薬箱	ammunition boxes
場所	戦場	塹壕	trenches
場所	戦場	破壊された建物	destroyed buildings
場所	戦場	通信機器	communication equipment
場所	戦場	地雷	landmines
場所	戦場	軍用車両	military vehicles
場所	戦場	防弾チョッキ	bulletproof vests
場所	戦場	砲弾	shells
場所	戦場	医療キット	medical kits
場所	戦場	落ちた旗	fallen flags
場所	戦場	砂袋	sandbags
場所	戦場	迫撃砲	mortars
場所	戦場	狙撃手	snipers
場所	戦場	空からの支援	aerial support
場所	戦場	軍隊のテント	military tents
場所	戦場	偵察用ドローン	reconnaissance drones
場所	戦場	拠点	bases
場所	戦場	戦闘機	fighter jets
場所	戦場	爆撃機	bombers
場所	戦場	負傷兵	wounded soldiers
場所	戦場	捕虜	prisoners of war
場所	戦場	避難民	refugees
場所	戦場	破壊された道路	destroyed roads
場所	戦場	補給物資	supply goods
場所	戦場	戦闘指示書	combat orders
場所	戦場	疲れた表情	weary faces
場所	戦場	命令を受ける無線機	radios receiving orders
場所	戦場	軍旗	military flags
場所	戦場	軍用犬	military dogs
場所	戦場	地雷探知機	mine detectors
場所	戦場	山岳地帯	mountainous areas
場所	戦場	無人機	unmanned aerial vehicles (uavs)
場所	戦場	夜間ビジョン装置	night vision devices
場所	戦場	衛星通信機	satellite communications equipment
場所	戦場	情報収集用機器	intelligence-gathering equipment
場所	戦場	暗号化された通信機	encrypted communication devices
場所	戦場	戦略地図	strategic maps
場所	戦場	作戦会議	strategy meetings
場所	戦場	偵察報告	reconnaissance reports
場所	洞窟	鍾乳石	stalactites
場所	洞窟	石筍	stalagmites
場所	洞窟	滴水	dripping water
場所	洞窟	洞窟の壁	cave walls
場所	洞窟	洞窟の湖	cave lakes
場所	洞窟	小川	underground rivers
場所	洞窟	洞窟生物	cave animals
場所	洞窟	光の筋	shafts of light
場所	洞窟	古代の壁画	ancient wall paintings
場所	洞窟	岩塩の結晶	salt crystals
場所	洞窟	石灰岩の層	limestone layers
場所	洞窟	石のドーム	stone domes
場所	洞窟	石の橋	stone bridges
場所	洞窟	狭い通路	narrow passages
場所	洞窟	広い空洞	vast chambers
場所	洞窟	岩の滝	rock waterfalls
場所	洞窟	反響する音	echoing sounds
場所	洞窟	鉱物の輝き	mineral glows
場所	洞窟	地下の風	underground breezes
場所	洞窟	薄暗い光	dim lights
場所	洞窟	探検道具	exploration equipment
場所	洞窟	ヘッドランプ	headlamps
場所	洞窟	足跡	footprints
場所	洞窟	指紋	fingerprints
場所	洞窟	砂と泥	sand and mud
場所	洞窟	湿度の高い空気	humid air
場所	洞窟	静けさ	silence
場所	洞窟	不気味な形の岩	eerily shaped rocks
場所	中国	長城	great wall
場所	中国	禁城	forbidden city
場所	中国	上海の摩天楼	shanghai skyscrapers
場所	中国	兵馬俑	terracotta warriors
場所	中国	現代的な都市	modern cities
場所	中国	古い町並み	ancient towns
場所	中国	伝統的な茶屋	traditional teahouses
場所	中国	豊かな自然風景	lush natural landscapes
場所	中国	熱気球	hot air balloons
場所	中国	山岳地帯	mountainous regions
場所	中国	桂林の山水	guilin karst mountains
場所	中国	ハイテク産業区	high-tech industrial parks
場所	中国	伝統的な寺院	traditional temples
場所	中国	龍門石窟	longmen grottoes
場所	中国	張家界国立森林公園	zhangjiajie national forest park
場所	中国	西湖	west lake
場所	中国	黄山	yellow mountain
場所	中国	中国の正月飾り	chinese new year decorations
場所	中国	伝統的な衣装	traditional costumes
場所	中国	飲茶	dim sum
場所	中国	華僑の街並み	chinatown streets
場所	中国	五台山	wutai mountain
場所	中国	長江クルーズ	yangtze river cruises
場所	中国	中国茶	chinese tea
場所	中国	伝統的な絵画	traditional paintings
場所	中国	北京オペラ	beijing opera
場所	中国	高速鉄道	high-speed trains
場所	中国	野生の猿	wild monkeys
場所	中国	庭園	gardens
場所	中国	石造りの橋	stone bridges
場所	中国	中国の市場	chinese markets
場所	中国	風水	feng shui
場所	中国	クンフー	kung fu
場所	中国	中国の書道	chinese calligraphy
場所	中国	伝統的な音楽器具	traditional musical instruments
場所	中国	飛び地	enclaves
場所	不気味な研究所	廃墟となった建物	abandoned buildings
場所	不気味な研究所	錆びた器具	rusted equipment
場所	不気味な研究所	壊れたガラス	broken glass
場所	不気味な研究所	薄暗い廊下	dimly lit corridors
場所	不気味な研究所	閉ざされた扉	sealed doors
場所	不気味な研究所	散乱した書類	scattered documents
場所	不気味な研究所	謎の液体	mysterious liquids
場所	不気味な研究所	不気味な影	eerie shadows
場所	不気味な研究所	音を立てる配管	clanking pipes
場所	不気味な研究所	ほこりっぽい実験台	dusty workbenches
場所	不気味な研究所	古い実験装置	old experimental apparatus
場所	不気味な研究所	閉じ込められた標本	trapped specimens
場所	不気味な研究所	錆びた鉄の扉	rusted iron doors
場所	不気味な研究所	薄暗い照明	dim lighting
場所	不気味な研究所	奇妙な機械の残骸	remnants of strange machinery
場所	不気味な研究所	不気味な静けさ	sinister silence
場所	不気味な研究所	無人の研究室	deserted laboratories
場所	不気味な研究所	怪しい影	suspicious shadows
場所	不気味な研究所	不自然な冷気	unnaturally cold air
場所	不気味な研究所	謎の実験記録	mysterious experiment records
場所	不気味な研究所	不安を煽る音楽	unsettling music
場所	不気味な研究所	逃げた実験体の痕跡	traces of escaped subjects
場所	不気味な研究所	暗号化されたファイル	encrypted files
場所	不気味な研究所	警告の落書き	warning graffiti
場所	不気味な研究所	実験の失敗跡	signs of failed experiments
場所	お祭り	神輿 (みこし)	portable shrine
場所	お祭り	縁日のゲーム	festival games
場所	お祭り	浴衣 (ゆかた)	yukata
場所	お祭り	団扇 (うちわ)	hand fans
場所	お祭り	鼓笛隊	marching bands
場所	お祭り	太鼓	taiko drums
場所	お祭り	お面	masks
場所	お祭り	笛	whistles
場所	お祭り	金魚すくい	goldfish scooping
場所	お祭り	リング投げ	ring toss games
場所	お祭り	飾り付け	decorations
場所	お祭り	綿あめ	cotton candy
場所	お祭り	たい焼き	taiyaki
場所	お祭り	風鈴	wind chimes
場所	お祭り	踊り	dances
場所	お祭り	祭りの音楽	festival music
場所	お祭り	子供たちの笑顔	children's smiles
場所	お祭り	ポップコーン	popcorn
場所	お祭り	かき氷	shaved ice
場所	お祭り	手持ち花火	handheld fireworks
場所	お祭り	行列	processions
場所	お祭り	遊園地の乗り物	amusement park rides
場所	お祭り	お土産屋さん	souvenir shops
場所	お祭り	ちょうちん	paper lanterns
場所	大きな港	貨物船	cargo ships
場所	大きな港	コンテナ	containers
場所	大きな港	タグボート	tugboats
場所	大きな港	クレーン	cranes
場所	大きな港	船員	sailors
場所	大きな港	波止場	docks
場所	大きな港	船の係留	mooring of ships
場所	大きな港	港湾施設	port facilities
場所	大きな港	フェリー	ferries
場所	大きな港	漁船	fishing boats
場所	大きな港	ヨット	yachts
場所	大きな港	海上保安庁の船	coast guard ships
場所	大きな港	潮風	sea breeze
場所	大きな港	ロープとアンカー	ropes and anchors
場所	大きな港	航海灯	navigation lights
場所	大きな港	ロジスティクスのトラック	logistics trucks
場所	大きな港	船舶燃料補給施設	ship refueling stations
場所	大きな港	観光船	sightseeing boats
場所	大きな港	船の修理施設	ship repair facilities
場所	大きな港	海上コンテナ	maritime containers
場所	大きな港	水上タクシー	water taxis
場所	大きな港	輸出入貨物	import/export goods
場所	大きな港	ガントリークレーン	gantry cranes
場所	大きな港	防波堤	breakwaters
場所	大きな港	燈台	lighthouses
場所	大きな港	航海用の標識	maritime signs
場所	漁港	漁船	fishing boats
場所	漁港	網	nets
場所	漁港	漁師	fishermen
場所	漁港	海鮮市場	seafood markets
場所	漁港	漁具	fishing gear
場所	漁港	波止場	breakwaters
場所	漁港	桟橋	piers
場所	漁港	漁獲物	catch of the day
場所	漁港	船舶修理所	boat repair shops
場所	漁港	漁港の倉庫	fishing port warehouses
場所	漁港	漁業用クレーン	fishing cranes
場所	漁港	漁獲量を計る場所	fish weighing stations
場所	漁港	漁業関連の看板	fishing-related signs
場所	漁港	漁船の燃料補給所	fueling stations for fishing boats
場所	漁港	漁師たちの共同作業	fishermen working together
場所	漁港	港の灯台	port lighthouses
場所	漁港	漁網を修理する場所	places for repairing fishing nets
場所	漁港	潮の流れ	tidal currents
場所	漁港	磯の香り	scent of the shore
場所	漁港	漁師の小屋	fishermen's huts
場所	漁港	海岸線	coastline
場所	公園	スケートボードエリア	skateboard areas
場所	公園	観覧車	ferris wheels
場所	公園	観光案内所	tourist information centers
場所	コンサートホール	舞台	stage
場所	コンサートホール	演奏者	performers
場所	コンサートホール	観客	audience
場所	コンサートホール	マイクロフォン	microphones
場所	コンサートホール	スコア (楽譜)	scores (sheet music)
場所	コンサートホール	指揮者台	conductor's podium
場所	コンサートホール	楽団	orchestra
場所	コンサートホール	ピアノ	piano
場所	コンサートホール	ヴァイオリン	violin
場所	コンサートホール	チェロ	cello
場所	コンサートホール	フルート	flute
場所	コンサートホール	クラリネット	clarinet
場所	コンサートホール	チケットブース	ticket booth
場所	コンサートホール	コートチェック	coat check
場所	コンサートホール	売店	concession stand
場所	コンサートホール	プログラム	programs
場所	コンサートホール	座席表	seating chart
場所	コンサートホール	緞帳 (幕)	curtain
場所	コンサートホール	美術品	art pieces
場所	コンサートホール	バルコニー席	balcony seats
場所	コンサートホール	サウンドボード	soundboard
場所	コンサートホール	照明台	lighting booth
場所	コンサートホール	音響エンジニア	sound engineer
場所	コンサートホール	照明技師	lighting technician
場所	スタジアム	観客席	stands
場所	スタジアム	フィールド	field
場所	スタジアム	ゴールポスト	goalpost
場所	スタジアム	スコアボード	scoreboard
場所	スタジアム	タイマー	timer
場所	スタジアム	放送ブース	broadcast booth
場所	スタジアム	実況席	commentary box
場所	スタジアム	VIP席	VIP seats
場所	スタジアム	照明灯	floodlights
場所	スタジアム	防球ネット	protective net
場所	スタジアム	出入口	entrance/exit
場所	スタジアム	チケット売り場	ticket booth
場所	スタジアム	売店	concession stand
場所	スタジアム	飲食スペース	food court
場所	スタジアム	ロッカールーム	locker room
場所	スタジアム	シャワールーム	shower room
場所	スタジアム	救護所	first aid station
場所	スタジアム	警備室	security room
場所	スタジアム	記者会見室	press conference room
場所	スタジアム	応援席	cheering section
場所	スタジアム	応援フラッグ	cheering flag
場所	スタジアム	メガホン	megaphone
場所	スタジアム	横断幕	banner
場所	スタジアム	花火打ち上げ台	fireworks launch pad
場所	スタジアム	駐輪場	bicycle parking
場所	団地	アパート	apartments
場所	居酒屋	居酒屋	izakaya
場所	居酒屋	ビール	beer
場所	居酒屋	日本酒	sake
場所	居酒屋	焼酎	shochu
場所	居酒屋	ハイボール	highball
場所	居酒屋	梅酒	plum wine
場所	居酒屋	焼き鳥	yakitori
場所	居酒屋	刺身	sashimi
場所	居酒屋	揚げ物	fried food
場所	居酒屋	枝豆	edamame
場所	居酒屋	おでん	oden
場所	居酒屋	唐揚げ	karaage
場所	居酒屋	鍋料理	hot pot
場所	居酒屋	和風の雰囲気	Japanese style
場所	居酒屋	賑やか	lively
場所	居酒屋	木製家具	wooden furniture
場所	居酒屋	笑顔のスタッフ	smiling staff
場所	居酒屋	元気な挨拶	cheerful greetings
場所	居酒屋	会社の飲み会	company party
場所	居酒屋	二次会	after-party
場所	居酒屋	カジュアルな集まり	casual gathering
場所	居酒屋	一人飲み	solo drinking
場所	団地	ゴミ集積所	garbage collection points
場所	団地	郵便受け	mailboxes
場所	団地	洗濯物	laundry hanging
場所	団地	植木	plants
場所	団地	住人	residents
場所	団地	子供たち	children
場所	団地	セキュリティカメラ	security cameras
場所	団地	防犯ブザー	security alarms
場所	団地	火災報知器	fire alarms
場所	団地	防災用品	emergency supplies
場所	団地	案内看板	information signs
場所	団地	公共の施設	public facilities
場所	カジノ	スロットマシン	slot machines
場所	カジノ	ルーレットテーブル	roulette tables
場所	カジノ	ブラックジャックテーブル	blackjack tables
場所	カジノ	ポーカーテーブル	poker tables
場所	カジノ	クラップステーブル	craps tables
場所	カジノ	バカラテーブル	baccarat tables
場所	カジノ	チップ	chips
場所	カジノ	サイコロ	dice
場所	カジノ	ディーラー	dealers
場所	カジノ	カジノの従業員	casino employees
場所	カジノ	カジノの客	casino patrons
場所	カジノ	カクテルウェイトレス	cocktail waitresses
場所	カジノ	セキュリティガード	security guards
場所	カジノ	カジノの入口	casino entrance
場所	カジノ	カジノの出口	casino exit
場所	カジノ	カジノのバー	casino bars
場所	カジノ	VIPルーム	vip rooms
場所	カジノ	ステージ	stages
場所	カジノ	エンターテインメントショー	entertainment shows
場所	カジノ	カメラ監視システム	surveillance cameras
場所	カジノ	カジノの内装	casino decor
場所	カジノ	カジノの看板	casino signs
場所	カジノ	ジャックポット表示器	jackpot displays
場所	カジノ	ギフトショップ	gift shops
場所	カジノ	景品交換所	prize counters
場所	カジノ	排煙システム	smoke extraction systems
場所	カジノ	空気清浄機	air purifiers
場所	酒場	カウンター	counter
場所	酒場	お客さん	customers
場所	酒場	ビール	beer
場所	酒場	カクテル	cocktails
場所	酒場	ボトル	bottles
場所	酒場	酒棚	liquor shelves
場所	酒場	メニュー	menus
場所	酒場	ナプキン	napkins
場所	酒場	カトラリー	cutlery
場所	酒場	ビリヤード台	billiard tables
場所	酒場	ダーツボード	dartboards
場所	酒場	音楽機器	music equipment
場所	酒場	灰皿	ashtrays
場所	酒場	装飾品	decorations
場所	酒場	コートチェック	coat check
場所	酒場	換気扇	ventilation fans
場所	酒場	レジ	cash register
場所	酒場	チップボックス	tip box
場所	酒場	飲み水	drinking water
場所	酒場	ソフトドリンク	soft drinks
場所	酒場	ワインリスト	wine list
場所	酒場	ハッピーアワー看板	happy hour sign
場所	お城（室外）	城壁	castle walls
場所	お城（室外）	堀	moat
場所	お城（室外）	天守閣	keep
場所	お城（室外）	石垣	stone walls
場所	お城（室外）	庭園	gardens
場所	お城（室外）	塔	towers
場所	お城（室外）	見張り台	watchtowers
場所	お城（室外）	城門	castle gates
場所	お城（室外）	内堀	inner moat
場所	お城（室外）	外堀	outer moat
場所	お城（室外）	彫刻	sculptures
場所	お城（室外）	武具	weapons
場所	お城（室外）	古い木の扉	ancient wooden doors
場所	お城（室外）	装飾窓	decorative windows
場所	お城（室外）	大広間	great halls
場所	お城（室外）	祈祷室	chapels
場所	お城（室外）	秘密の通路	secret passages
場所	お城（室外）	旗	flags
場所	お城（室外）	幟	banners
場所	お城（室外）	井戸	wells
場所	お城（室外）	水路	aqueducts
場所	お城（室外）	蔵	storehouses
場所	お城（室外）	石造りの橋	stone bridges
場所	お城（室外）	鐘楼	bell towers
場所	お城（室外）	陣羽織や兜を展示する部屋	rooms displaying jinbaori (samurai surcoats) and helmets
場所	お城（室外）	伝統的な日本庭園	traditional Japanese gardens
場所	お城（室外）	茶室	tea houses
場所	お城（室外）	城下町	castle towns
場所	お城（室外）	城の模型	castle models
場所	お城（室外）	紅葉する木	trees with autumn leaves
場所	お城（室内）	石の壁	stone walls
場所	お城（室内）	木製の床	wooden floors
場所	お城（室内）	装飾された天井	decorated ceilings
場所	お城（室内）	大きな暖炉	large fireplaces
場所	お城（室内）	巨大な絵画	huge paintings
場所	お城（室内）	家紋が描かれた旗	flags with family crests
場所	お城（室内）	鎧	armors
場所	お城（室内）	古い武器	ancient weapons
場所	お城（室内）	手作りの家具	handcrafted furniture
場所	お城（室内）	彫刻された柱	carved pillars
場所	お城（室内）	石造りの階段	stone staircases
場所	お城（室内）	長い廊下	long corridors
場所	お城（室内）	象徴的な窓	iconic windows
場所	お城（室内）	隠し扉	secret doors
場所	お城（室内）	豪華なシャンデリア	luxurious chandeliers
場所	お城（室内）	玉座の部屋	throne rooms
場所	お城（室内）	祈りの部屋	prayer rooms
場所	お城（室内）	図書室	libraries
場所	お城（室内）	歴史的な文書	historical documents
場所	お城（室内）	古地図	antique maps
場所	お城（室内）	絨毯が敷かれた部屋	carpeted rooms
場所	お城（室内）	調度品	furnishings
場所	お城（室内）	絹の壁掛け	silk wall hangings
場所	お城（室内）	宝物庫	treasure vaults
場所	お城（室内）	美術品	art pieces
場所	お城（室内）	テープストリー	tapestries
場所	お城（室内）	宮殿庭園の絵	paintings of palace gardens
場所	お城（室内）	陶器と磁器	pottery and porcelain
場所	お城（室内）	祭壇	altars
場所	お城（室内）	照明用のろうそく	candles for lighting
場所	お城（室内）	窓辺の座席	window seats
場所	洋館	西洋建築	western architecture
場所	洋館	ビクトリア様式	Victorian style
場所	洋館	ゴシック様式	Gothic style
場所	洋館	ネオクラシカル	neoclassical
場所	洋館	迎賓館	guesthouse
場所	洋館	貴族の邸宅	aristocratic residence
場所	洋館	博物館	museum
場所	洋館	美術館	art gallery
場所	洋館	中庭	courtyard
場所	洋館	大広間	grand hall
場所	洋館	吹き抜け	atrium
場所	洋館	大理石	marble
場所	洋館	石造り	stonework
場所	洋館	ファサード	facade
場所	洋館	タレット	turret
場所	洋館	屋根飾り	finial
場所	洋館	ステンドグラス	stained glass
場所	洋館	石柱	stone pillars
場所	洋館	豪華	luxurious
場所	洋館	荘厳	majestic
場所	洋館	アンティーク	antique
場所	洋館	クラシカル	classical
場所	洋館	シャンデリア	chandelier
場所	洋館	暖炉	fireplace
場所	洋館	彫刻	sculpture
場所	洋館	温室	greenhouse
場所	洋館	隠し扉	hidden door
場所	田舎	麦畑	wheat fields
場所	田舎	野菜畑	vegetable gardens
場所	田舎	伝統的な家屋	traditional houses
場所	田舎	木造の納屋	wooden barns
場所	田舎	小川	small streams
場所	田舎	石橋	stone bridges
場所	田舎	山脈	mountain ranges
場所	田舎	土道	dirt roads
場所	田舎	砂利道	gravel paths
場所	田舎	地元の商店	local shops
場所	田舎	かかし	scarecrows
場所	田舎	農業機械	farm equipment
場所	田舎	トラクター	tractors
場所	田舎	地元のバス	local buses
場所	田舎	小さな駅	small train stations
場所	田舎	コミュニティセンター	community centers
場所	田舎	地元の祭り	local festivals
場所	田舎	石垣	stone walls
場所	田舎	竹やぶ	bamboo groves
場所	田舎	茶畑	tea fields
場所	田舎	民宿	rustic inns
場所	田舎	地元の食堂	local eateries
場所	田舎	手描きの看板	hand-painted signs
場所	田舎	風見鶏	weather vanes
場所	田舎	風車	windmills
場所	田舎	鳥小屋	birdhouses
場所	田舎	野生動物	wildlife (birds, insects, occasional wild animals)
場所	田舎	青々とした丘	lush hills
場所	田舎	清澄な空気	crisp air
場所	神社	参道	approach path
場所	神社	石段	stone steps
場所	神社	手水舎	water basin for purification
場所	神社	神門	shinmon (main gate)
場所	神社	本殿	honden (main hall)
場所	神社	拝殿	haiden (worship hall)
場所	神社	絵馬	ema (wooden plaques for wishes)
場所	神社	おみくじ	omikuji (fortune slips)
場所	神社	お守り	omamori (amulets)
場所	神社	鈴	bell
場所	神社	灯籠	stone lanterns
場所	神社	しめ縄	sacred rope
場所	神社	幣殿	offering hall
場所	神社	社務所	shrine office
場所	神社	御神木	sacred tree
場所	神社	狛犬	guardian lion-dogs
場所	神社	拝殿前の舞台	stage in front of the worship hall
場所	神社	年中行事の飾り	seasonal decorations
場所	神社	鳥居の連なり	a row of torii gates
場所	神社	境内社	auxiliary shrine
場所	神社	神楽殿	hall for sacred dance and music
場所	神社	御朱印帳	shrine stamp book
場所	神社	神輿	mikoshi
場所	神社	お神輿の保管所	mikoshi storage
場所	神社	納経所	place for collecting stamps in a stamp book
場所	神社	狐の像	fox statues
場所	神社	供物	offerings
場所	神社	神社の林	shrine forest
場所	ダンジョン	通路	passageways
場所	ダンジョン	トラップ	traps
場所	ダンジョン	宝箱	treasure chests
場所	ダンジョン	鍵	keys
場所	ダンジョン	魔法のアイテム	magical items
場所	ダンジョン	武器	weapons
場所	ダンジョン	モンスター	monsters
場所	ダンジョン	盗賊	thieves/rogues
場所	ダンジョン	呪文書	spellbooks
場所	ダンジョン	石碑	stone monuments
場所	ダンジョン	祭壇	altars
場所	ダンジョン	隠し扉	secret doors
場所	ダンジョン	落とし穴	pitfalls
場所	ダンジョン	光源	light sources (torches, lanterns)
場所	ダンジョン	水源	water sources (wells, fountains)
場所	ダンジョン	石造りの壁	stone walls
場所	ダンジョン	蜘蛛の巣	cobwebs
場所	ダンジョン	骨1	bones
場所	ダンジョン	骨2	skeletons
場所	ダンジョン	魔法の結界	magical barriers
場所	ダンジョン	古代の遺物	ancient relics
場所	ダンジョン	神話の生物	mythical creatures
場所	ダンジョン	地下水路	underground waterways
場所	ダンジョン	溶岩の流れ	lava flows
場所	ダンジョン	石の彫刻	stone carvings
場所	ダンジョン	幻影	illusions
場所	ダンジョン	呪い	curses
場所	スラム街	ゴミ袋	garbage bag
場所	スラム街	空き缶	empty can
場所	スラム街	空き瓶	empty bottle
場所	スラム街	古タイヤ	old tire
場所	スラム街	壊れた家具	broken furniture
場所	スラム街	新聞紙	old newspaper
場所	スラム街	ネオンサイン	neon sign
場所	スラム街	壊れた街灯	broken streetlight
場所	スラム街	電線	electric wires
場所	スラム街	ポール	pole
場所	スラム街	レンガ壁	brick wall
場所	スラム街	ひび割れた道路	cracked pavement
場所	スラム街	排水口	drain
場所	スラム街	ネズミ	rat
場所	スラム街	野良犬	stray dog
場所	スラム街	浮浪者	homeless person
場所	スラム街	麻薬の袋	small drug bag
場所	スラム街	注射器	used syringe
場所	スラム街	壊れた自転車	broken bicycle
場所	スラム街	放置された車	abandoned car
場所	スラム街	ショッピングカート	shopping cart
場所	スラム街	路上ベッド	street mattress
場所	スラム街	簡易テント	makeshift tent
場所	スラム街	焚き火跡	burned fire pit
場所	スラム街	錆びたドラム缶	rusty barrel
場所	スラム街	壁のポスター	wall poster
場所	スラム街	チラシ散乱	scattered flyers
場所	スラム街	裏口	backdoor
場所	スラム街	非常階段	fire escape
場所	スラム街	閉鎖された店	closed shop
場所	スラム街	隠れ家の入り口	hidden entrance
場所	西部時代の村	サルーン	saloon
場所	西部時代の村	保安官事務所	sheriff's office
場所	西部時代の村	一般商店	general store
場所	西部時代の村	鍛冶屋	blacksmith
場所	西部時代の村	馬小屋	stable
場所	西部時代の村	酒場	tavern
場所	西部時代の村	刑務所	jail
場所	西部時代の村	酒造所	distillery
場所	西部時代の村	賭博場	gambling hall
場所	西部時代の村	理髪店	barber shop
場所	西部時代の村	新聞社	newspaper office
場所	西部時代の村	医者の診療所	doctor's office
場所	西部時代の村	木製の歩道	wooden sidewalks
場所	西部時代の村	馬車	stagecoaches
場所	西部時代の村	馬	horses
場所	西部時代の村	鉱山	mines
場所	西部時代の村	荷車	wagons
場所	西部時代の村	木造の建物	wooden buildings
場所	西部時代の村	銃器	firearms
場所	西部時代の村	ランタン	lanterns
場所	西部時代の村	カウボーイ	cowboys
場所	西部時代の村	アウトロー	outlaws
場所	西部時代の村	宿泊客	lodgers
場所	西部時代の村	鉱夫	miners
場所	西部時代の村	畜牛	cattle
場所	中世ヨーロッパ	草葺き屋根の家	thatched roof houses
場所	中世ヨーロッパ	修道院	monastery
場所	中世ヨーロッパ	村の広場	village square
場所	中世ヨーロッパ	井戸	well
場所	中世ヨーロッパ	市場	market
場所	中世ヨーロッパ	馬車	horse-drawn carriages
場所	中世ヨーロッパ	鍛冶屋	blacksmith
場所	中世ヨーロッパ	木製の柵	wooden fences
場所	中世ヨーロッパ	水車	watermill
場所	中世ヨーロッパ	風車	windmill
場所	中世ヨーロッパ	葡萄園	vineyards
場所	中世ヨーロッパ	酒樽	wine barrels
場所	中世ヨーロッパ	馬	horses
場所	中世ヨーロッパ	家畜（羊、牛など）	livestock (sheep, cows, etc.)
場所	中世ヨーロッパ	輸送用の馬車	carts for transportation
場所	中世ヨーロッパ	鎧を着た騎士	knights in armor
場所	中世ヨーロッパ	城壁	city walls
場所	中世ヨーロッパ	城門	city gates
場所	中世ヨーロッパ	封建領主の館	manor house of the feudal lord
場所	中世ヨーロッパ	狩猟用の犬	hunting dogs
場所	中世ヨーロッパ	織物工房	textile workshops
場所	中世ヨーロッパ	貯蔵庫	granaries
場所	中世ヨーロッパ	紋章旗	heraldic banners
場所	中世ヨーロッパ	中庭	courtyards
場所	中世ヨーロッパ	石造りの家	stone houses
場所	中世ヨーロッパ	築地塀	moats
場所	中世ヨーロッパ	薬草園	herb gardens
場所	中世ヨーロッパ	馬小屋	stables
場所	中世ヨーロッパ	蜂蜜酒製造所	meaderies
場所	中世ヨーロッパ	陶器工房	pottery workshops
場所	中世ヨーロッパ	釣り池	fishing ponds
場所	中世ヨーロッパ	職人の工房	artisans' workshops
場所	中世ヨーロッパ	村の井戸	village wells
場所	中世ヨーロッパ	衣類を洗う場所	clothes washing areas
場所	中世ヨーロッパ	織物機	looms
場所	中世ヨーロッパ	製粉所	mills
場所	中世ヨーロッパ	聖水盤	holy water stoups
場所	中世ヨーロッパ	狩猟用の罠	hunting traps
場所	中世ヨーロッパ	市場の屋台	market stalls
場所	中世ヨーロッパ	村の広場での公開処刑台	public execution sites in the village square
場所	中世ヨーロッパ	騎士団の訓練場	knights' training grounds
場所	中世ヨーロッパ	旅人の宿	inns for travelers
場所	中世ヨーロッパ	道端の十字架	wayside crosses
場所	中世ヨーロッパ	手工芸品	handicrafts
場所	中世ヨーロッパ	村の入口に立つ看板	signboards at the village entrance
場所	中世ヨーロッパ	幽霊が出ると噂される古い家	rumored haunted old houses
場所	中世ヨーロッパ	伝統的な祭りの装飾	traditional festival decorations
場所	中世ヨーロッパ	村の伝説を語る古老	elders telling village legends
場所	サイバーパンク	ネオンサイン	neon signs
場所	サイバーパンク	ホバーカー	hovercars
場所	サイバーパンク	ドローン	drones
場所	サイバーパンク	サイバネティック強化人間	cybernetically enhanced humans
場所	サイバーパンク	ヴァーチャルリアリティ広告	virtual reality advertisements
場所	サイバーパンク	暗い路地	dark alleys
場所	サイバーパンク	ハッカーの隠れ家	hacker hideouts
場所	サイバーパンク	アンダーグラウンドクラブ	underground clubs
場所	サイバーパンク	データセンター	data centers
場所	サイバーパンク	人工知能管理の店舗	ai-managed stores
場所	サイバーパンク	廃墟となった地区	ruined districts
場所	サイバーパンク	反乱軍の拠点	rebel bases
場所	サイバーパンク	高度セキュリティ区域	high-security zones
場所	サイバーパンク	ビルの屋上庭園	rooftop gardens
場所	サイバーパンク	エネルギーパイプライン	energy pipelines
場所	サイバーパンク	ビオドーム	biodomes
場所	サイバーパンク	サイバーペット	cyberpets
場所	サイバーパンク	インタラクティブホログラム	interactive holograms
場所	サイバーパンク	サイバースポーツアリーナ	cybersports arenas
場所	サイバーパンク	量子コンピューター施設	quantum computer facilities
場所	サイバーパンク	ナノテクノロジー研究所	nanotechnology labs
場所	サイバーパンク	電磁シールド	electromagnetic shields
場所	サイバーパンク	アーケードゲームセンター	arcade game centers
場所	サイバーパンク	未来型公共交通機関	futuristic public transport
場所	サイバーパンク	自動運転タクシー	autonomous taxis
場所	サイバーパンク	夜市	night markets
場所	サイバーパンク	テクノロジーアートインスタレーション	technology art installations
場所	サイバーパンク	スマートガラスビルディング	smart glass buildings
場所	サイバーパンク	サイバーパンクファッションの人々	people in cyberpunk fashion
場所	サイバーパンク	光ファイバー通路	fiber optic pathways
場所	サイバーパンク	反乱軍のポスター	rebel posters
場所	サイバーパンク	電子廃棄物の山	electronic waste piles
場所	サイバーパンク	遺伝子改造食品市場	genetically modified food markets
場所	サイバーパンク	水上スラム街	floating slums
場所	サイバーパンク	バーチャルリアリティ公園	virtual reality parks
場所	サイバーパンク	サイバーセキュリティ本部	cybersecurity headquarters
場所	サイバーパンク	脳インプラントクリニック	brain implant clinics
場所	サイバーパンク	エネルギー変換ステーション	energy conversion stations
場所	サイバーパンク	対抗文化アートギャラリー	counterculture art galleries
場所	サイバーパンク	ネオンジャングル	neon jungles
場所	サイバーパンク	ドローン配送ハブ	drone delivery hubs
場所	サイバーパンク	アンダーグラウンドレーシング	underground racing
場所	サイバーパンク	デジタル霊廟	digital mausoleums
場所	サイバーパンク	アンチハックバリア	anti-hack barriers
場所	サイバーパンク	クローンペットショップ	clone pet shops
場所	サイバーパンク	人口過密区域	overpopulated districts
場所	サイバーパンク	サイバーテック武器庫	cybertech armories
場所	サイバーパンク	環境制御ドーム	environmental control domes
場所	サイバーパンク	人工知能裁判所	artificial intelligence courts
場所	サイバーパンク	公共安全ドローン	public safety drones
場所	サイバーパンク	非合法サイバーパーツ市場	illegal cyberparts markets
場所	サイバーパンク	時空間広告	spatiotemporal advertisements
場所	サイバーパンク	ナノ治療センター	nanotherapy centers
場所	サイバーパンク	データマイニング施設	data mining facilities
場所	サイバーパンク	ハイブリッド動物園	hybrid zoos
場所	サイバーパンク	サイバースポーツ競技場	cybersports stadiums
場所	サイバーパンク	ネットワーク侵入ポイント	network intrusion points
場所	サイバーパンク	自己修復道路	self-repairing roads
場所	サイバーパンク	アーカイブライブラリ	archive libraries
場所	スチームパンク	蒸気機関	steam engines
場所	スチームパンク	飛行船	airships
場所	スチームパンク	歯車	gears
場所	スチームパンク	旧式の銅製品	vintage copper items
場所	スチームパンク	機械式計算機	mechanical calculators
場所	スチームパンク	時計仕掛けのロボット	clockwork robots
場所	スチームパンク	古典的な列車	classic trains
場所	スチームパンク	レトロフューチャーな建物	retro-futuristic buildings
場所	スチームパンク	ゴーグルをつけた人々	people wearing goggles
場所	スチームパンク	旧式のランタン	vintage lanterns
場所	スチームパンク	機関銃	gatling guns
場所	スチームパンク	蒸気動力の自動車	steam-powered cars
場所	スチームパンク	潜水艦	submarines
場所	スチームパンク	煙突	chimneys
場所	スチームパンク	ビクトリアンスタイルの衣装	victorian-style clothing
場所	スチームパンク	機械式アーム	mechanical arms
場所	スチームパンク	暗号機	cipher machines
場所	スチームパンク	革新的な発明品	innovative inventions
場所	スチームパンク	パイプとバルブの複雑なシステム	complex systems of pipes and valves
場所	スチームパンク	蒸気と煙	steam and smoke
場所	スチームパンク	古典的な地図	classic maps
場所	スチームパンク	科学実験室	science laboratories
場所	スチームパンク	古い書籍と文書	old books and documents
場所	スチームパンク	時計塔	clock towers
場所	スチームパンク	暗号文	coded messages
場所	スチームパンク	機械式の義肢	mechanical prosthetics
場所	スチームパンク	蒸気式の計測器	steam-powered gauges
場所	スチームパンク	古典的な望遠鏡	classic telescopes
連想セット（人）	学生	笑顔の子供たち	smiling children
連想セット（人）	学生	学校の制服	school uniforms
連想セット（人）	学生	教室内	inside classrooms
連想セット（人）	学生	学校の運動場	school playgrounds
連想セット（人）	学生	運動会の様子	sports day activities
連想セット（人）	学生	給食の時間	lunchtime
連想セット（人）	学生	授業中の子供たち	children during class
連想セット（人）	学生	宿題をする子供たち	children doing homework
連想セット（人）	学生	学校の図書室	school library
連想セット（人）	学生	先生と話す子供たち	children talking to a teacher
連想セット（人）	学生	絵を描く子供たち	children drawing
連想セット（人）	学生	歌を歌う子供たち	children singing
連想セット（人）	学生	跳び箱をする子供たち	children vaulting
連想セット（人）	学生	縄跳びをする子供たち	children skipping rope
連想セット（人）	学生	友達と遊ぶ子供たち	children playing with friends
連想セット（人）	学生	学校の通学路	school routes
連想セット（人）	学生	教科書とノート	textbooks and notebooks
連想セット（人）	学生	学校のイベント	school events
連想セット（人）	学生	手を挙げる子供たち	children raising their hands
連想セット（人）	学生	集合写真	group photos
連想セット（人）	学生	先生に質問する子供たち	children asking teachers
連想セット（人）	学生	休憩時間の子供たち	children during break time
連想セット（人）	学生	学芸会の練習	cultural festival rehearsals
連想セット（人）	学生	校庭での球技	ball games in the schoolyard
連想セット（人）	学生	笑顔の小学生	smiling elementary school students
連想セット（人）	学生	制服を着た子供	children in uniforms
連想セット（人）	学生	教室での授業	classroom lessons
連想セット（人）	学生	体育館での運動会	sports day in the gymnasium
連想セット（人）	学生	給食時間	lunchtime
連想セット（人）	学生	宿題をする子供	children doing homework
連想セット（人）	学生	図書室を使う子供	children using the library
連想セット（人）	学生	先生と話す子供	children talking to teachers
連想セット（人）	学生	絵を描く子供	children drawing
連想セット（人）	学生	歌を歌う子供	children singing
連想セット（人）	学生	とび箱をする子供	children vaulting
連想セット（人）	学生	縄跳びをする子供	children skipping rope
連想セット（人）	学生	友達と遊ぶ子供	children playing with friends
連想セット（人）	学生	登下校の様子	scenes of going to and from school
連想セット（人）	学生	教科書とノート	textbooks and notebooks
連想セット（人）	学生	学校行事	school events
連想セット（人）	学生	手を挙げる子供	children raising their hands
連想セット（人）	学生	先生に質問する子供	children asking questions to teachers
連想セット（人）	学生	休憩時間	break time
連想セット（人）	学生	文化祭のリハーサル	cultural festival rehearsals
連想セット（人）	学生	校庭でのボール遊び	ball games in the schoolyard
連想セット（人）	学生	プールで泳ぐ子供	children swimming in the pool
連想セット（人）	学生	図工の時間	arts and crafts time
連想セット（人）	学生	英語の歌を歌う子供	children singing English songs
連想セット（人）	学生	科学実験をする子供	children conducting science experiments
連想セット（人）	学生	読書を楽しむ子供	children enjoying reading
連想セット（人）	学生	掃除の時間	cleaning time
連想セット（人）	学生	植物を育てる子供	children growing plants
連想セット（人）	学生	地域との交流活動	community interaction activities
連想セット（人）	学生	遠足の様子	scenes of school excursions
連想セット（人）	学生	校内放送をする子供	children doing school broadcasts
連想セット（人）	学生	発表会の練習	practice for a presentation
連想セット（人）	老人	笑顔の老人	smiling elderly
連想セット（人）	老人	散歩している老人	walking elderly
連想セット（人）	老人	手をつなぐ老夫婦	elderly couple holding hands
連想セット（人）	老人	公園で座っている老人	elderly sitting in a park
連想セット（人）	老人	読書をしている老人	elderly reading a book
連想セット（人）	老人	趣味に没頭している老人	elderly engaged in hobbies
連想セット（人）	老人	孫と遊ぶ老人	elderly playing with grandchildren
連想セット（人）	老人	昔話をしている老人	elderly telling old stories
連想セット（人）	老人	編み物をしている老人	elderly knitting
連想セット（人）	老人	園芸をしている老人	elderly gardening
連想セット（人）	老人	棋士として囲碁を指している老人	elderly playing go as a chess player
連想セット（人）	老人	絵を描いている老人	elderly painting
連想セット（人）	老人	料理をしている老人	elderly cooking
連想セット（人）	老人	旅行中の老人	elderly traveling
連想セット（人）	老人	運動をしている老人	elderly exercising
連想セット（人）	老人	友達とお茶をしている老人	elderly having tea with friends
連想セット（人）	老人	福祉施設での活動に参加している老人	elderly participating in facility activities
連想セット（人）	老人	歌を歌っている老人	elderly singing
連想セット（人）	老人	ボランティア活動をしている老人	elderly volunteering
連想セット（人）	老人	ペットと遊んでいる老人	elderly playing with a pet
連想セット（人）	老人	ヨガをしている老人	elderly doing yoga
連想セット（人）	老人	伝統的な衣装を着ている老人	elderly wearing traditional clothing
連想セット（人）	老人	手紙を書いている老人	elderly writing a letter
連想セット（人）	老人	昔の写真を見ている老人	elderly looking at old photos
連想セット（人）	老人	デジタルデバイスを使っている老人	elderly using digital devices
連想セット（人）	老人	散歩している老人	walking elderly
連想セット（人）	老人	読書している老人	reading elderly
連想セット（人）	老人	園芸をしている老人	gardening elderly
連想セット（人）	老人	手紙を書いている老人	letter-writing elderly
連想セット（人）	老人	孫と遊んでいる老人	playing with grandchildren elderly
連想セット（人）	老人	友人とお茶をしている老人	having tea with friends elderly
連想セット（人）	老人	編み物をしている老人	knitting elderly
連想セット（人）	老人	釣りをしている老人	fishing elderly
連想セット（人）	老人	公園で休んでいる老人	resting in park elderly
連想セット（人）	老人	旅行中の老人	traveling elderly
連想セット（人）	老人	料理をしている老人	cooking elderly
連想セット（人）	老人	古い写真を見ている老人	looking at old photos elderly
連想セット（人）	老人	美術館を訪れている老人	visiting museum elderly
連想セット（人）	老人	ボランティア活動をしている老人	volunteering elderly
連想セット（人）	老人	鳥を観察している老人	birdwatching elderly
連想セット（人）	老人	ペットと遊んでいる老人	playing with pet elderly
連想セット（人）	老人	手仕事をしている老人	doing handicrafts elderly
連想セット（人）	老人	ヨガをしている老人	doing yoga elderly
連想セット（人）	老人	ピアノを弾いている老人	playing piano elderly
連想セット（人）	老人	歌を歌っている老人	singing elderly
連想セット（人）	老人	ダンスをしている老人	dancing elderly
連想セット（人）	老人	美容院で髪を整えている老人	getting hair done at salon elderly
連想セット（人）	老人	チェスをしている老人	playing chess elderly
連想セット（人）	老人	歴史的な場所を訪れている老人	visiting historical sites elderly
連想セット（人）	老人	スマートフォンを使っている老人	using smartphone elderly
連想セット（人）	アイドル	輝くステージ	shining stage
連想セット（人）	アイドル	大勢のファン	numerous fans
連想セット（人）	アイドル	カラフルな照明	colorful lights
連想セット（人）	アイドル	手を振るアイドル	waving idols
連想セット（人）	アイドル	キラキラした衣装	sparkling costumes
連想セット（人）	アイドル	マイクを持つアイドル	idols holding microphones
連想セット（人）	アイドル	ダンスをするアイドル	dancing idols
連想セット（人）	アイドル	笑顔のアイドル	smiling idols
連想セット（人）	アイドル	握手会	handshake events
連想セット（人）	アイドル	サイン会	autograph sessions
連想セット（人）	アイドル	ファンとの写真撮影	photo sessions with fans
連想セット（人）	アイドル	ライブパフォーマンス	live performances
連想セット（人）	アイドル	熱心なファン	enthusiastic fans
連想セット（人）	アイドル	メイクアップを施した顔	makeup-applied faces
連想セット（人）	アイドル	特製グッズ	special merchandise
連想セット（人）	アイドル	セットリスト	setlists
連想セット（人）	アイドル	バックステージ	backstage
連想セット（人）	アイドル	リハーサル	rehearsals
連想セット（人）	アイドル	インタビューを受けるアイドル	idols being interviewed
連想セット（人）	アイドル	ソロ写真	solo photos
連想セット（人）	アイドル	グループ写真	group photos
連想セット（人）	アイドル	ミュージックビデオの撮影現場	music video filming sites
連想セット（人）	アイドル	ファッション雑誌の撮影現場	fashion magazine photo shoots
連想セット（人）	アイドル	ファンレター	fan letters
連想セット（人）	アイドル	SNSでのファンとの交流	interactions with fans on social media
連想セット（人）	アイドル	ラジオ番組	radio programs
連想セット（人）	アイドル	テレビ出演	tv appearances
連想セット（人）	アイドル	アイドルとファンの特別な瞬間	special moments between idols and fans
コスチューム	現代	ブルマ	buruma
コスチューム	水着	男性用の水着	swim shorts
コスチューム	水着	男性用の水着	swim briefs
コスチューム	水着	水着用の帽子	swim cap
コスチューム	水着	水中ゴーグル	swimming goggles
コスチューム（一式）	版権	対魔忍コス	official style,dressed as {mizuki yukikaze (cosplay), taimanin (series)}, very aesthetic, best quality, intricate, overall detail, nsfw, alternate costume, {mizuki yukikaze (cosplay)}, skindentation, black leotard, black gloves, black thighhighs
コスチューム（一式）	版権	モビルトレーススーツ	official style,dressed as {rain mikamura (cosplay), g gundam},skin tight, pink body suit, mobile trace suit
コスチューム（一式）	職業	ピエロ	{{pierrot}}, white skin, {{{{cox comb hat, clown nose, clown makeup, polka dot clothes, rompers,pants,clown costume}}}}, smile, blonde shiny hair, medium hair, green eyes
コスチューム（一式）	職業	ピエロ（その2）	wig, clown hat, face paint, ruffled collar, oversized shirt, suspenders, oversized pants, gloves, striped socks, clown shoes
コスチューム（一式）	職業	中世の村人	hood, tunic, blouse, vest, belt, trousers,leggings, woolen socks, leather shoes
コスチューム（一式）	職業	テニスウェア	shota,toddler,standing,headband, visor, polo shirt, tank top, wristbands, tennis wear, tennis shorts, compression shorts, ankle socks, tennis shoes
コスチューム（一式）	職業	車掌	peaked cap, necktie, train conductor uniform, pants,
コスチューム（一式）	職業	ファストフード店クルー	fast food restaurant crew, red visor, polo shirt,pants
コスチューム（一式）	職業	王様	crown, jeweled headpiece, fur-lined cape, embroidered robe, royal sash, golden necklace, ornate belt, jeweled rings, decorative gloves, silk trousers, adorned boots
コスチューム（一式）	職業	考古学者	beige survival jacket, tan pants,white shirt, beige wide-brimmed hat
コスチューム（一式）	職業	ソビエトの軍服	soviet tunic,shoulder boards,jackboots,open greatcoat
コスチューム（一式）	職業	料理人	tall white chef’s hat, neatly tied bandana, double-breasted chef’s jacket, adjustable apron with front pockets, rolled-up sleeves, checkered or solid-colored chef’s pants, sturdy slip-resistant shoes
コスチューム（一式）	職業	ラーメン屋の店主	white hachimaki headband, short-sleeved or rolled-up chef’s jacket, stained apron with front pockets, loose-fitting work pants, simple wristwatch, slip-resistant sandals or work shoes
コスチューム（一式）	職業	ホテルマン	neatly combed hair, formal pillbox hat or no hat, well-fitted tailored suit or vest, crisp white dress shirt, neatly tied necktie or bow tie, name tag badge, polished dress pants, leather belt, shiny black dress shoes
コスチューム（一式）	職業	ヤクザ	slicked-back hair or shaved head, dark tinted sunglasses, open-collared silk shirt with bold patterns, dragon or koi fish tattoos covering arms and back, thick gold chain necklace, tailored dress pants, leather belt with ornate buckle, polished leather shoes
コスチューム（一式）	職業	借金の取り立て人	sharp suit with rolled-up sleeves, slicked-back hair or shaved head, dark sunglasses, wide leather belt with a large buckle, silver or gold watch, fingerless gloves, loose-fitting dress trousers, polished dress shoes
コスチューム（一式）	職業	幼稚園児	colorful bucket hat, short-sleeved smock, bright bib-style apron, striped long-sleeve shirt, elastic waistband shorts, small backpack, knee-high socks, velcro-strap sneakers, name tag badge
コスチューム（一式）	職業	小学生	colorful baseball cap, short-sleeved graphic t-shirt, striped long-sleeve undershirt, bright backpack, knee-length cargo shorts, playful wristband, ankle socks, velcro sneakers
コスチューム（一式）	職業	漁師	fingerless wool gloves, loose-fitting canvas trousers, blue high rubber waders, heavy-duty fishing boots
コスチューム（一式）	職業	不良な中学生	messy slicked-back hair, patterned bandana, oversized school blazer with rolled-up sleeves, loose white dress shirt, undone necktie, baggy plaid pants, studded leather belt, fingerless gloves, chain wallet, high-top sneakers
コスチューム（一式）	職業	まじめな中学生	neatly combed hair, rectangular eyeglasses, buttoned-up school blazer, crisp white dress shirt, properly tied necktie, well-fitted dress pants, leather belt, wristwatch, knee-high socks, polished leather shoes
コスチューム（一式）	職業	整備士	oil-stained baseball cap or protective goggles, short-sleeved work jumpsuit or coveralls, utility belt with tool pouches, fingerless work gloves, reinforced knee pads, fitted work trousers, steel-toed boots
コスチューム（一式）	職業	機械系エンジニア	goggles with adjustable lenses, short spiky or slicked-back hair, high-collared reinforced jacket with multiple pockets, fingerless leather gloves with metal plating, utility belt with pouches and tools, mechanical gauntlets, fitted work trousers with knee pads, sturdy steel-toed boots
コスチューム（一式）	職業	警察	blue police cap, dark blue or black uniform shirt, badge on the chest, fitted pants with a utility belt, radio and handcuffs attached to the belt, leather gloves, polished black boots, whistle, flashlight, and walkie-talkie
コスチューム（一式）	民族・属性	東洋の僧侶	shaved head or neatly tied topknot, simple robes in muted colors, high-collared kasaya with intricate embroidery, prayer beads draped around the neck, wide cloth belt, sandals or barefoot, wooden staff or ceremonial object, simple cloth shoes
コスチューム（一式）	民族・属性	砂漠を歩く人	wide-brimmed sun hat with neck cover, breathable desert robe in light colors, scarf wrapped around the neck and face for dust protection, lightweight utility vest with pockets for survival tools, leather belt with water canteen and compass, durable cargo pants, sand-colored gloves, sturdy hiking boots with reinforced soles, binoculars hanging from the neck, large durable backpack with survival gear
コスチューム（一式）	民族・属性	狩人	ornate feathered hunting hat, embroidered velvet tunic with gold trim, tailored leather gloves with intricate designs, rich fur-trimmed cloak, wide leather belt with hunting knife and pouch for snacks or tools, high leather riding boots, silk breeches or trousers, jeweled hunting horn, quiver with decorated arrows, elegant crossbow or longbow, family crest displayed on a brooch or cloak clasp
コスチューム（一式）	民族・属性	異世界の旅人	elaborate hooded cloak with magical runes, leather armor with intricate engravings, wide utility belt with scroll pouches and potions, enchanted staff with glowing crystal orb, fingerless leather gloves, knee-high boots with silver accents, satchel with mystical trinkets, protective arm bracers with gem inlays, heavy woolen trousers, silver necklace with an ancient pendant
コスチューム（一式）	民族・属性	原始人	caveman,leopard far, fur trim, club (weapon) , holding club
コスチューム（一式）	民族・属性	ネイティブアメリカン（インディアン）	native american clothes, hairband, plumage feathers on head, bare shoulders, fringe trim costume,boots
コスチューム（一式）	民族・属性	近代武器を持った兵士	helmet, tactical goggles, balaclava, combat uniform, tactical vest, gloves, utility belt, cargo pants, knee pads, combat boots
コスチューム（一式）	民族・属性	侍（稽古中）	topknot hairstyle, white headband, loose-fitting kimono, wide obi belt, wooden practice sword, forearm guards, hakama pants, tabi socks, straw sandals
コスチューム（一式）	民族・属性	侍（甲冑）	kabuto helmet,face protect, layered kusazuri skirt, do chest armor, kote arm guards, haidate thigh guards, suneate shin guards, obi belt, waraji straw sandals, decorative tsuba sword guard,katana
コスチューム（一式）	民族・属性	中国の武将	ornate war helmet, flowing battle plume, decorative forehead guard, chinese layered lamellar armor, embroidered war cloak, reinforced shoulder guards, wide leather belt with metal fittings, armored bracers, silk battle robe, plated leg guards, sturdy leather boots
コスチューム（一式）	民族・属性	中国の文官	chinese futou cap, ornate hairpin, embroidered high-collared robe, wide decorative sash, flowing long sleeves, jade pendant, silk gloves, layered silk skirt, embroidered cloth shoes
コスチューム（一式）	民族・属性	中国の小民族	chinese embroidered headdress with beads, decorative silver hairpin, brightly patterned long-sleeve tunic, wide embroidered sash, layered beaded necklace, ornate silver armbands, woven belt with tassels, loose-fitting embroidered trousers, leather leg wraps, handmade cloth shoes
コスチューム（一式）	民族・属性	中世の剣士	steel greathelm, chainmail coif, padded gambeson, steel breastplate, reinforced pauldrons, leather belt with sword scabbard, chainmail gloves, studded leather bracers, woolen chausses, plated greaves, sturdy leather boots
コスチューム（一式）	民族・属性	中世の傭兵	chainmail coif, leather brigandine, reinforced pauldrons, tattered wool cloak, wide leather belt with pouches, fingerless leather gloves, studded leather bracers, rugged woolen trousers, knee-high leather boots
コスチューム（一式）	民族・属性	陰陽師	tall black eboshi hat, white inner kimono, wide-sleeved blue outer robe with intricate patterns, ceremonial shaku baton, beaded prayer necklace, wide silk sash, loose-fitting hakama pants, white tabi socks, wooden geta sandals
コスチューム（一式）	民族・属性	魔法使いその2	wide-brimmed floppy hat, long hooded cloak, embroidered high-collared robe, leather spell pouch, ornate wooden staff, braided leather belt with potion vials, fingerless wool gloves, rune-inscribed bracers, loose-fitting woolen trousers, sturdy leather boots
コスチューム（一式）	民族・属性	勇者	spiky hero’s headband, flowing crimson cape, ornate chestplate with engraved patterns, reinforced shoulder guards, fitted chainmail undershirt, wide leather belt with golden buckle, armored gauntlets, enchanted sword scabbard, sturdy battle leggings, knee-high greaves, rugged leather boots
コスチューム（一式）	民族・属性	神父	ornate mitre or hood, silver holy amulet, long flowing white robe with golden embroidery, high-collared cape, wide ceremonial sash, beaded prayer rosary, leather belt with small potion vials, fingerless silk gloves, loose-fitting sacred trousers, knee-high leather boots
コスチューム（一式）	民族・属性	モンク	shaved head or tied-back hair, simple cloth headband, flowing orange or brown robe, beaded prayer necklace, wide cloth sash, reinforced wrist wraps, leather belt with potion pouches, loose-fitting monk trousers, wrapped cloth shin guards, straw sandals
コスチューム（一式）	民族・属性	占い師	ornate silk headscarf, jeweled forehead ornament, flowing embroidered shawl, layered mystical robe, wide decorative sash, beaded charm necklace, fingerless lace gloves, leather belt with small potion vials, rune-inscribed bangles, patterned harem pants, curled-toe leather shoes
コスチューム（一式）	民族・属性	小悪魔（女）	pointed devil horns, messy short hair or twin tails, choker with a small gemstone, cropped leather top with lace trim, bat-winged shoulder cape, fingerless fishnet gloves, studded belt with a heart-shaped buckle, tight-fitting shorts or frilled mini skirt, striped thigh-high stockings, small spade-tipped tail, heeled ankle boots
コスチューム（一式）	民族・属性	小悪魔（男）	small curved devil horns, messy spiky hair, choker with a tiny skull pendant, sleeveless cropped jacket with torn edges, fitted dark tunic, fingerless leather gloves, studded belt with a bat-shaped buckle, slim-fit shorts or ripped trousers, striped knee-high socks, small leathery bat wings, spade-tipped tail, lace-up combat boots
コスチューム（一式）	民族・属性	堕天使	tarnished silver halo, messy white or black hair, high-collared dark tunic with silver embroidery, flowing tattered cloak, black feathered wings with missing feathers, studded leather armbands, beaded charm necklace, fitted dark trousers, fingerless gloves, spade-tipped tail, lace-up gothic boots
コスチューム（一式）	民族・属性	幕末の志士	dark blue hachimaki headband, short tied-back hair, light blue haori with white mountain-shaped patterns, dark blue kimono undergarment, white obi sash, black leather belt with katana scabbard, black fingerless gloves, pleated hakama trousers, white tabi socks, straw waraji sandals
コスチューム（一式）	民族・属性	狂戦士	wild unkempt hair, battle-scarred horned helmet, tattered fur-lined cloak, spiked leather pauldrons, bloodstained chest harness, thick studded leather belt, wrapped forearm guards, ragged loincloth or reinforced battle trousers, heavy fur-lined boots
コスチューム（一式）	民族・属性	武道家	tightly tied headband, short cropped or neatly tied-back hair, sleeveless or short-sleeved gi, wide black belt, wrapped forearm guards, fingerless training gloves, loose-fitting martial arts pants, reinforced shin guards, barefoot or lightweight training shoes
コスチューム（一式）	民族・属性	仏僧	shaved head, simple prayer bead necklace, loose-fitting saffron or brown robe, wide cloth sash, wooden or cloth belt, wrapped forearm cloth, simple woven bag, loose-fitting trousers, straw sandals or barefoot
コスチューム（一式）	民族・属性	西洋風の商人	feathered wide-brimmed hat or patterned headscarf, monocle or small round glasses, embroidered tunic with gold trim, layered fur-lined vest or long coat, decorative silk sash, leather belt with coin pouch, fingerless gloves, striped or patterned trousers, sturdy leather boots
コスチューム（一式）	民族・属性	エジプトの商人	white or striped keffiyeh headscarf, decorative gold or beaded headband, loose-fitting linen robe with intricate embroidery, wide colorful sash, layered gold necklaces, leather belt with coin pouch, ornate armbands, baggy linen trousers, simple leather sandals
コスチューム（一式）	民族・属性	召喚士	ornate hooded cloak with mystical symbols, enchanted gemstone headpiece, high-collared flowing robe with intricate embroidery, wide ceremonial sash, beaded charm necklace, rune-inscribed bracers, leather belt with potion vials and scroll pouches, fingerless arcane gloves, layered mystical trousers, enchanted boots with glowing sigils
コスチューム（一式）	民族・属性	呪術師	tattered hooded cloak with occult symbols, bone-adorned headpiece, dark high-collared robe with tribal patterns, wide leather sash with ritual charms, beaded talisman necklace, fingerless gloves with rune carvings, wrapped forearm bands, rugged layered trousers, anklets with small bells, barefoot or simple leather sandals
コスチューム（一式）	民族・属性	ネクロマンサー	tattered black hood with bone ornaments, dark high-collared robe with eerie glowing runes, skeletal shoulder guards, wide leather sash with skull decorations, cursed amulet necklace, fingerless gloves with arcane symbols, rune-etched bracers, layered shadowy trousers, bone-adorned anklets, pointed leather boots
コスチューム（一式）	民族・属性	アーチャー（弓使い）	hooded cloak or feathered hat, leather chest guard, fitted long-sleeve tunic, reinforced fingerless gloves, wide utility belt with quiver, arm bracers, lightweight trousers, knee-high leather boots
コスチューム（一式）	民族・属性	盗賊	dark hooded cloak, cloth face mask, tight-fitting leather tunic, reinforced fingerless gloves, utility belt with hidden pouches, strapped throwing knives, flexible dark trousers, knee-high soft-soled boots
コスチューム（一式）	民族・属性	魔物使い	spiked leather headband, wild unkempt hair, high-collared tattered cloak, reinforced leather vest with beastly emblems, studded fingerless gloves, wide utility belt with monster treat pouch, coiled enchanted whip, rugged layered trousers, knee-high armored boots
コスチューム（一式）	民族・属性	鍛冶屋	soot-stained bandana or leather cap, thick leather apron, rolled-up long-sleeve tunic, reinforced leather gloves, sturdy utility belt with blacksmith tools, fitted work trousers, heavy-duty steel-toed boots
コスチューム（一式）	その他	拘束具	mummification,{{max security heavy duty straitjacket, arms crossed, mittens, white bodysuit, fixed with white belt, full-harness}}
コスチューム（一式）	その他	ボンテージスーツ	fusion shinny paraphilia and latex corset leotard garter_straps long gloves long boots belt collar
コスチューム（一式）	その他	全体スーツ	zentai,featureless full face black suit,shinny paraphilia and latex suit
コスチューム（一式）	その他	身体に包帯巻き	wrapping body in white bandages
コスチューム（一式）	その他	奴隷	slave,dirty clothes,torn clothes, ancient greek clothes,both arms bound, collar, chain leash, handcuffs,dirty skin
コスチューム（一式）	その他	サイバースーツ	spread huge cyber wings with bit,cyber ear covers,shinny,two-tone mechanical suit,arm protector,leg protector
コスチューム（一式）	その他	サイバースーツその2	sleek metallic helmet, tinted visor, high-tech earpiece, aerodynamic shoulder pads, form-fitting armored bodysuit, glowing chest emblem, cybernetic gauntlets, retractable mechanical wings with energy thrusters, utility belt with energy cells, reinforced armored leggings, knee guards with LED strips, high-tech boots with propulsion system
コスチューム（一式）	その他	ローソンの店員の服装	alternate costume, employee uniform, lawson
コスチューム（一式）	その他	医者	sterile surgical cap, rectangular eyeglasses, white lab coat, neatly buttoned dress shirt, stethoscope around the neck, name tag badge, latex gloves, wristwatch, tailored dress pants, polished leather shoes
コスチューム（一式）	その他	チョイ悪	stylish fedora or beanie, tinted sunglasses, graphic band t-shirt or patterned button-up shirt, leather or denim jacket, studded wristbands, layered necklaces, ripped skinny jeans or baggy cargo pants, chain wallet, high-top sneakers or leather boots
コスチューム（一式）	その他	ロックミュージシャン	messy spiked hair or bandana, dark aviator sunglasses, studded leather jacket, ripped graphic t-shirt, silver chain necklace, fingerless leather gloves, torn skinny jeans or leather pants, studded belt with skull buckle, chain wallet, worn-out combat boots
コスチューム（一式）	その他	賞金稼ぎ	wide-brimmed hat or hood, tinted goggles or eyepatch, rugged duster coat, reinforced leather vest, utility belt with holsters, fingerless gloves, armored bracers, fitted combat trousers, knee guards, sturdy leather boots with spurs
コスチューム（一式）	その他	カウボーイ	wide-brimmed cowboy hat, patterned bandana, rugged leather vest, long-sleeved plaid shirt, thick leather belt with a large buckle, gun holster, fingerless gloves, fitted denim jeans, spurred cowboy boots
コスチューム（一式）	その他	給食を作るひと	white kitchen cap, short neatly combed hair, white apron over a long-sleeved shirts, disposable face mask, white gloves, loose-fitting white pants, simple slip-on shoes
コスチューム（一式）	その他	木こり	cozy wool beanie or wide-brimmed hat, thick plaid flannel shirt, rugged leather vest, sturdy leather belt with an axe holster, fingerless wool gloves, reinforced denim trousers, knee-high leather boots
コスチューム（一式）	その他	スラム街の人	messy unkempt hair, tattered cloth cap, patched-up oversized shirt, frayed sleeveless vest, worn-out cloth belt, fingerless wool gloves, ragged knee-length shorts or loose trousers, bare feet or scuffed-up sandals
コスチューム（一式）	その他	夏の人	straw sun hat or sunglasses, lightweight short-sleeve shirt or tank top, colorful swimwear or board shorts, waterproof wristband, beach tote bag, flip-flops or barefoot
コスチューム（一式）	その他	オタク	graphic t-shirt with favorite idol's logo, casual hoodie or jacket, wristbands or fan merchandise, jeans or casual trousers, sneakers, lanyard with fan event passes or keychains, tote bag with idol group logo or concert memorabilia
コスチューム（一式）	その他	おしゃれっぽい人	stylish wide-brimmed hat, tailored button-up shirt or blouse, slim-fit jeans or chinos, leather or denim jacket, trendy sneakers or ankle boots, minimalist wristwatch, simple necklace, crossbody bag or leather tote
コスチューム（一式）	その他	野球ファン	team cap with logo, casual graphic t-shirt with favorite player's name, comfortable hoodie or jacket with team colors, denim or cargo shorts, wristband with team logo, casual sneakers or sport sandals, team-themed backpack or tote bag, sunglasses with sporty frames, team scarf or flag wrapped around the shoulders, ticket lanyard from a recent game
人外(ケモノ・ポケモン・種族)	ポケモン	ルカリオ	{{{{lucario (pokemon)}}}}
人外(ケモノ・ポケモン・種族)	ポケモン	イーブイ	{{{{eevee (pokemon)}}}}
人外(ケモノ・ポケモン・種族)	ポケモン	ミュウツー	{{{{mewtwo (pokemon)}}}}
人外(ケモノ・ポケモン・種族)	ポケモン	ゼラオラ	{{{{zeraora (pokemon)}}}}
人外(ケモノ・ポケモン・種族)	ポケモン	ピカチュウ	{{{{pikachu (pokemon)}}}}
人外(ケモノ・ポケモン・種族)	ポケモン	ガオガエン	{{{{incineroar (pokemon)}}}}
人外(ケモノ・ポケモン・種族)	ポケモン	ニンフィア	{{{{sylveon (pokemon)}}}}
人外(ケモノ・ポケモン・種族)	ポケモン	レックウザ	{{{{rayquaza (pokemon)}}}}
人外(ケモノ・ポケモン・種族)	ポケモン	フシギダネ	{{{{bulbasaur (pokemon)}}}}
人外(ケモノ・ポケモン・種族)	ポケモン	リザードン	{{{{charizard (pokemon)}}}}
人外(ケモノ・ポケモン・種族)	ポケモン	シェイミ	{{{{shaymin (pokemon)}}}}
人外(ケモノ・ポケモン・種族)	ポケモン	ウルガモス	{{{{volcarona (pokemon)}}}}
人外(ケモノ・ポケモン・種族)	ポケモン	ラプラス	{{{{lapras (pokemon)}}}}
人外(ケモノ・ポケモン・種族)	ポケモン	メタモン	{{{{ditto (pokemon)}}}}
人外(ケモノ・ポケモン・種族)	ポケモン	ミミッキュ	{{{{mimikyu (pokemon)}}}}
人外(ケモノ・ポケモン・種族)	ポケモン	フーディン	{{{{alakazam (pokemon)}}}}
人外(ケモノ・ポケモン・種族)	ポケモン	ミュウ	{{{{mew (pokemon)}}}}
人外(ケモノ・ポケモン・種族)	ポケモン	ウインディ	{{{{arcanine (pokemon)}}}}
人外(ケモノ・ポケモン・種族)	ポケモン	ニャース	{{{{meowth (pokemon)}}}}
人外(ケモノ・ポケモン・種族)	ポケモン	ライコウ	{{{{raikou (pokemon)}}}}
人外(ケモノ・ポケモン・種族)	ポケモン	フライゴン	{{{{flygon (pokemon)}}}}
人外(ケモノ・ポケモン・種族)	ポケモン	バンギラス	{{{{tyranitar (pokemon)}}}}
人外(ケモノ・ポケモン・種族)	ポケモン	カビゴン	{{{{snorlax (pokemon)}}}}
人外(ケモノ・ポケモン・種族)	ポケモン	ニドラン♂	{{{{nidoran♂ (pokemon)}}}}
人外(ケモノ・ポケモン・種族)	ポケモン	ニドラン♀	{{{{nidoran♀ (pokemon)}}}}
人外(ケモノ・ポケモン・種族)	ポケモン	ニドキング	{{{{nidoking (pokemon)}}}}
人外(ケモノ・ポケモン・種族)	ポケモン	ニドクイン	{{{{nidoqueen (pokemon)}}}}
人外(ケモノ・ポケモン・種族)	ポケモン	ポリゴン	{{{{porygon (pokemon)}}}}
人外(ケモノ・ポケモン・種族)	ポケモン	ポリゴン2	{{{{porygon2 (pokemon)}}}}
人外(ケモノ・ポケモン・種族)	ポケモン	ポリゴンZ	{{{{porygon-z (pokemon)}}}}
人外(ケモノ・ポケモン・種族)	ポケモン	マリル	{{{{marill (pokemon)}}}}
人外(ケモノ・ポケモン・種族)	ポケモン	マリルリ	{{{{azumarill (pokemon)}}}}
人外(ケモノ・ポケモン・種族)	ポケモン	プラスル	{{{{plusle (pokemon)}}}}
人外(ケモノ・ポケモン・種族)	ポケモン	マイナン	{{{{minun (pokemon)}}}}
人外(ケモノ・ポケモン・種族)	ポケモン	ラティアス	{{{{latias (pokemon)}}}}
人外(ケモノ・ポケモン・種族)	ポケモン	ラティオス	{{{{latios (pokemon)}}}}
人外(ケモノ・ポケモン・種族)	ポケモン	レジロック	{{{{regirock (pokemon)}}}}
人外(ケモノ・ポケモン・種族)	ポケモン	レジアイス	{{{{regice (pokemon)}}}}
人外(ケモノ・ポケモン・種族)	ポケモン	レジスチル	{{{{registeel (pokemon)}}}}
人外(ケモノ・ポケモン・種族)	ポケモン	レジギガス	{{{{regigigas (pokemon)}}}}
人外(ケモノ・ポケモン・種族)	ポケモン	レジエレキ	{{{{regieleki (pokemon)}}}}
人外(ケモノ・ポケモン・種族)	ポケモン	レジドラゴ	{{{{regidrago (pokemon)}}}}
人外(ケモノ・ポケモン・種族)	ポケモン	ディアルガ	{{{{dialga (pokemon)}}}}
人外(ケモノ・ポケモン・種族)	ポケモン	パルキア	{{{{palkia (pokemon)}}}}
人外(ケモノ・ポケモン・種族)	ポケモン	ギラティナ	{{{{giratina (pokemon)}}}}
人外(ケモノ・ポケモン・種族)	ポケモン	アルセウス	{{{{arceus (pokemon)}}}}
人外(ケモノ・ポケモン・種族)	ポケモン	ビクティニ	{{{{victini (pokemon)}}}}
人外(ケモノ・ポケモン・種族)	ポケモン	ゼクロム	{{{{zekrom (pokemon)}}}}
人外(ケモノ・ポケモン・種族)	ポケモン	レシラム	{{{{reshiram (pokemon)}}}}
人外(ケモノ・ポケモン・種族)	ポケモン	キュレム	{{{{kyurem (pokemon)}}}}
人外(ケモノ・ポケモン・種族)	ポケモン	ケルディオ	{{{{keldeo (pokemon)}}}}
人外(ケモノ・ポケモン・種族)	ポケモン	メロエッタ	{{{{meloetta (pokemon)}}}}
人外(ケモノ・ポケモン・種族)	ポケモン	ゲノセクト	{{{{genesect (pokemon)}}}}
人外(ケモノ・ポケモン・種族)	ポケモン	クセロシキ	{{{{xerneas (pokemon)}}}}
人外(ケモノ・ポケモン・種族)	ポケモン	イベルタル	{{{{yveltal (pokemon)}}}}
人外(ケモノ・ポケモン・種族)	ポケモン	ジガルデ	{{{{zygarde (pokemon)}}}}
人外(ケモノ・ポケモン・種族)	ポケモン	ディアンシー	{{{{diancie (pokemon)}}}}
人外(ケモノ・ポケモン・種族)	ポケモン	ホウパ	{{{{hoopa (pokemon)}}}}
人外(ケモノ・ポケモン・種族)	ポケモン	ボルケニオン	{{{{volcanion (pokemon)}}}}
人外(ケモノ・ポケモン・種族)	ポケモン	ソルガレオ	{{{{solgaleo (pokemon)}}}}
人外(ケモノ・ポケモン・種族)	ポケモン	ルナアーラ	{{{{lunala (pokemon)}}}}
人外(ケモノ・ポケモン・種族)	ポケモン	ネクロズマ	{{{{necrozma (pokemon)}}}}
人外(ケモノ・ポケモン・種族)	ポケモン	マギアナ	{{{{magearna (pokemon)}}}}
人外(ケモノ・ポケモン・種族)	ポケモン	マーシャドー	{{{{marshadow (pokemon)}}}}
人外(ケモノ・ポケモン・種族)	ポケモン	ゼラオラ	{{{{zeraora (pokemon)}}}}
人外(ケモノ・ポケモン・種族)	ポケモン	メルタン	{{{{meltan (pokemon)}}}}
人外(ケモノ・ポケモン・種族)	ポケモン	メルメタル	{{{{melmetal (pokemon)}}}}
人外(ケモノ・ポケモン・種族)	ポケモン	ザシアン	{{{{zacian (pokemon)}}}}
人外(ケモノ・ポケモン・種族)	ポケモン	ザマゼンタ	{{{{zamazenta (pokemon)}}}}
人外(ケモノ・ポケモン・種族)	ポケモン	エテルヌス	{{{{eternatus (pokemon)}}}}
人外(ケモノ・ポケモン・種族)	ポケモン	ザルード	{{{{zarude (pokemon)}}}}
人外(ケモノ・ポケモン・種族)	ポケモン	ヒスイダイケンキ	{{{{hisuian daikenki (pokemon)}}}}
性別・年齢・世代	男性	おにショタ（年齢差のある男同士）	onii_uke
性別・年齢・世代	男女共通	年齢差のあるペア	age difference
表情・感情	暗い表情	顔に大きく影がある表情	shaded face expression
表情・感情	暗い表情	漫画的なびっくり表現の表情	^^^ expression
表情・感情	性的な表情	恍惚とした表情	ecstatic expression
表情・感情	性的な表情	快楽に満ちた表情	pleasure-filled expression
表情・感情	性的な表情	強い感情が表れた表情	intense expression
表情・感情	性的な表情	官能的な表情	sensual expression
表情・感情	性的な表情	満足しきった表情	gratified expression
表情・感情	性的な表情	欲望に満ちた表情	lustful expression
表情・感情	性的な表情	心を奪われたような表情	enraptured expression
表情・感情	性的な表情	恍惚として圧倒された表情	ravished expression
表情・感情	性的な表情	甘い声を漏らしているような表情	moaning expression
表情・感情	性的な表情	汗ばんだ熱のこもった表情	sweaty expression
表情・感情	性的な表情	息が上がった表情	breathless expression
表情・感情	性的な表情	口を開けた驚きや興奮の表情	open-mouthed expression
表情・感情	性的な表情	絶頂を迎えたときの表情	climaxed expression
表情・感情	性的な表情	充実感や満足感に満ちた表情	content expression
表情・感情	性的な表情	無防備で感じ入っている表情	vulnerable expression
表情・感情	性的な表情	震えるような表情（快感や感情の高まりによる）	shuddering expression
表情・感情	性的な表情	畏怖や感動の表情	in awe expression
表情・感情	性的な表情	目を見開いた熱狂的な表情	wild-eyed expression
表情・感情	性的な表情	顔が赤くなっている表情（興奮や恥じらい）	flushed expression
表情・感情	性的な表情	声を上げるような表情	crying out expression
表情・感情	性的な表情	陶酔した表情	blissful expression
表情・感情	性的な表情	夢見心地の表情	dreamy expression
表情・感情	性的な表情	うっとりした表情	dazed expression
表情・感情	性的な表情	恍惚とした微笑み	sultry smile
表情・感情	性的な表情	乱れた表情	disheveled expression
表情・感情	性的な表情	情熱的な表情	passionate expression
表情・感情	性的な表情	欲求不満そうな表情	frustrated expression
表情・感情	性的な表情	息を呑むような表情	gasping expression
表情・感情	性的な表情	せつなそうな表情	yearning expression
表情・感情	性的な表情	目を閉じて感じている表情	eyes-closed expression
表情・感情	性的な表情	ぼーっとした表情	glazed expression
表情・感情	性的な表情	切なさがにじむ表情	wistful expression
表情・感情	性的な表情	うっとりした目の表情	half-lidded expression
表情・感情	性的な表情	燃え上がるような表情	smoldering expression
表情・感情	性的な表情	情熱的に見つめる表情	intense gaze expression
表情・感情	性的な表情	快感に震える表情	quivering expression
表情・感情	性的な表情	高ぶった表情	aroused expression
表情・感情	性的な表情	肉感的な表情	voluptuous expression
表情・感情	性的な表情	色っぽい表情	seductive expression
表情・感情	性的な表情	ぼんやりとした表情	hazy expression
表情・感情	性的な表情	陶然とした表情	entranced expression
表情・感情	性的な表情	まどろむような表情	languid expression
表情・感情	性的な表情	熱を帯びた表情	heated expression
表情・感情	性的な表情	柔らかく微笑む表情	soft-smiling expression
表情・感情	性的な表情	満ち足りた表情	fulfilled expression
表情・感情	性的な表情	甘えたような表情	clingy expression
表情・感情	性的な表情	陶酔しきった表情	inebriated expression
表情・感情	性的な表情	耽美的な表情	sensuous expression
表情・感情	性的な表情	切なげな表情	pining expression
表情・感情	性的な表情	我を忘れた表情	lost-in-the-moment expression
表情・感情	性的な表情	照れくさそうな表情	bashful expression
表情・感情	性的な表情	涙ぐんだ表情	tearful expression
表情・感情	性的な表情	震えながら息を漏らす表情	shaky-breath expression
表情・感情	性的な表情	目を細めた魅惑的な表情	sultry gaze expression
表情・感情	性的な表情	恍惚とため息をつく表情	sighing expression
表情・感情	性的な表情	抑えきれない表情	unrestrained expression
表情・感情	不機嫌な表情	キューブリック・スター（不気味で冷たい視線の表情）	kubrick stare expression
表情・感情	明るい表情	デフォルメの頬染めの表情	blush stickers expression
表情・感情	明るい表情	指でスマイルの表情	fingersmile expression
表情・感情	ポジティブな感情	安定した表情	stable expression
表情・感情	ポジティブな感情	喜んでいる表情	thankful expression
表情・感情	ポジティブな感情	賞賛する表情	appreciative expression
表情・感情	ポジティブな感情	晴れやかな表情	radiant expression
表情・感情	ポジティブな感情	興奮した表情	thrilled expression
表情・感情	ポジティブな感情	優雅な表情	tender expression
表情・感情	ポジティブな感情	寛大な表情	generous expression
表情・感情	ポジティブな感情	思いやり深い表情	considerate expression
表情・感情	ポジティブな感情	信頼される表情	reliable expression
表情・感情	ポジティブな感情	安定感のある表情	dependable expression
表情・感情	ポジティブな感情	誠実な表情	honest expression
表情・感情	ポジティブな感情	確信した表情	assured expression
表情・感情	ポジティブな感情	深く感謝している表情	indebted expression
表情・感情	ポジティブな感情	恩義を感じている表情	obliged expression
表情・感情	ポジティブな感情	感動的な表情	moving expression
表情・感情	ポジティブな感情	満たされた表情	fulfilled expression
表情・感情	ポジティブな感情	畏敬の念を抱いた表情	awestruck expression
表情・感情	ポジティブな感情	驚愕した表情	astonished expression
表情・感情	ポジティブな感情	心躍る表情	elated expression
表情・感情	ポジティブな感情	新鮮な表情	fresh expression
表情・感情	ポジティブな感情	感銘を受けた表情	impressed expression
表情・感情	ポジティブな感情	鼓舞された表情	inspired expression
表情・感情	ポジティブな感情	前向きな表情	forward-looking expression
表情・感情	ポジティブな感情	夢見がちな表情	dreamy expression
表情・感情	ポジティブな感情	覚悟を決めた表情	resolute expression
表情・感情	ネガティブな感情	喪失感のある表情	grieving expression
表情・感情	ネガティブな感情	不満を抱えた表情	resentful expression
表情・感情	ネガティブな感情	憤慨した表情	covetous expression
表情・感情	ネガティブな感情	気持ち悪い表情	repulsed expression
表情・感情	ネガティブな感情	拒絶した表情	rejecting expression
表情・感情	ネガティブな感情	自責の念に駆られた表情	remorseful expression
表情・感情	ネガティブな感情	失望した表情	disheartened expression
表情・感情	ネガティブな感情	無感動な表情	apathetic expression
表情・感情	複雑な感情	矛盾を感じた表情	conflicted expression
表情・感情	複雑な感情	板挟みの表情	torn expression
表情・感情	複雑な感情	不安定な表情	unstable expression
表情・感情	複雑な感情	恐れと期待が混在した表情	apprehensive expression
表情・感情	緊張した表情	恐れを感じた表情	fearful expression
表情・感情	緊張した表情	疲弊した表情	stressed expression
表情・感情	緊張した表情	疑心暗鬼の表情	paranoid expression
表情・感情	緊張した表情	危機感を持った表情	alarmed expression
表情・感情	緊張した表情	焦燥感のある表情	restless expression
表情・感情	緊張した表情	慎重な表情	apprehensive expression
表情・感情	恥ずかしい表情	みじめな表情	miserable expression
表情・感情	恥ずかしい表情	恥をかいた表情	humiliated expression
表情・感情	恥ずかしい表情	気後れした表情	self-conscious expression
表情・感情	恥ずかしい表情	侮辱された表情	insulted expression
表情・感情	恥ずかしい表情	面目を失った表情	mortified expression
表情・感情	恥ずかしい表情	自分を責めた表情	self-critical expression
表情・感情	恥ずかしい表情	傷つきやすい表情	vulnerable expression
表情・感情	恥ずかしい表情	恥ずかしく惨めな表情	abashed expression
表情・感情	欲望的な表情	欲情の表情	desire expression
表情・感情	欲望的な表情	色欲の表情	lust expression
表情・感情	欲望的な表情	性的興奮の表情	arousal expression
表情・感情	欲望的な表情	情熱的な衝動の表情	passion expression
表情・感情	欲望的な表情	衝動的な欲求の表情	impulsive desire expression
表情・感情	欲望的な表情	刺激を求める表情	craving expression
表情・感情	欲望的な表情	官能的な興奮の表情	sensual excitement expression
表情・感情	欲望的な表情	誘惑される表情	tempted expression
表情・感情	欲望的な表情	征服したい欲求の表情	dominant desire expression
表情・感情	欲望的な表情	自分が求められている表情	desired expression
表情・感情	欲望的な表情	満たされたい表情	yearning expression
表情・感情	欲望的な表情	抑えられない欲求の表情	uncontrollable expression
表情・感情	欲望的な表情	冒険的な期待の表情	adventurous expression
表情・感情	欲望的な表情	挑発的な興奮の表情	provocative expression
表情・感情	欲望的な表情	切望する表情	longing expression
表情・感情	欲望的な表情	禁断の喜びの表情	forbidden pleasure expression
表情・感情	欲望的な表情	心を掻き乱される表情	stirred expression
表情・感情	欲望的な表情	危険な刺激の表情	risky excitement expression
表情・感情	欲望的な表情	官能に魅了される表情	captivated expression
表情・感情	欲望的な表情	強い衝動の表情	intense urge expression
表情・感情	欲望的な表情	性的魅力を感じる表情	sexually attracted expression
表情・感情	欲望的な表情	奪いたい欲求の表情	possessive desire expression
表情・感情	欲望的な表情	禁じられた魅力の表情	illicit attraction expression
表情・感情	欲望的な表情	自分を解放したい表情	liberated desire expression
表情・感情	快感を感じている表情	官能的な喜びの表情	sensual pleasure expression
表情・感情	快感を感じている表情	性的満足感の表情	sexual satisfaction expression
表情・感情	快感を感じている表情	恍惚感の表情	ecstasy expression
表情・感情	快感を感じている表情	高揚感の表情	euphoria expression
表情・感情	快感を感じている表情	陶酔の表情	intoxication expression
表情・感情	快感を感じている表情	至福の表情	bliss expression
表情・感情	快感を感じている表情	強い快感の表情	intense pleasure expression
表情・感情	快感を感じている表情	深い満足の表情	deep satisfaction expression
表情・感情	快感を感じている表情	快楽の表情	pleasure expression
表情・感情	快感を感じている表情	心地よい感覚の表情	soothing sensation expression
表情・感情	快感を感じている表情	恍惚とした幸福感の表情	rapture expression
表情・感情	快感を感じている表情	性的快楽の表情	sexual delight expression
表情・感情	快感を感じている表情	自分を解放した表情	liberated expression
表情・感情	快感を感じている表情	刺激的な満足感の表情	thrilling satisfaction expression
表情・感情	快感を感じている表情	燃えるような感覚の表情	fiery sensation expression
表情・感情	快感を感じている表情	心を奪われた表情	captivated expression
表情・感情	快感を感じている表情	禁断の喜びの表情	forbidden pleasure expression
表情・感情	快感を感じている表情	魅惑的な満足感の表情	seductive fulfillment expression
表情・感情	快感を感じている表情	高まる興奮の表情	heightened excitement expression
表情・感情	快感を感じている表情	感覚の幸福の表情	sensory bliss expression
表情・感情	快感を感じている表情	快い官能の表情	delightful arousal expression
表情・感情	快感を感じている表情	魅了される感覚の表情	mesmerizing feeling expression
表情・感情	快感を感じている表情	深い官能の満足の表情	profound sensuality expression
表情・感情	視線	寄り目（より目）	cross-eyed
表情・感情	視線	外を向いた斜視	wall-eyed
表情・感情	視線	手を見ている	looking at hand
顔	目の形	目を細める	squinting
顔	目の形	飛び出た目	eye pop
顔	目の形	驚いた目	wide-eyed
顔	鼻	鼻	nose
顔	鼻	鼻のうえ（眼鏡をかけるところ）	nasal bridge
顔	鼻	赤く火照った鼻	blush nose
身体	部位	イカ腹	pot belly
身体	体型	イカ腹	pot belly
身体	体型	低身長（男）	miniboy
服装・衣類	トップス	形の縫い目で色が分かれたTシャツ	raglan sleeve t-shirts
服装・衣類	トップス	プリントされたTシャツ	printed t-shirts